# Blender 4.5.4 LTS
# www.blender.org

v -0.128618 0.120080 -0.146406
v -0.114576 0.127047 -0.149775
v -0.128792 0.141658 -0.121463
v -0.141365 0.143909 -0.101432
v -0.141815 0.151133 -0.089161
v -0.160093 0.142001 -0.054421
v -0.167892 0.147368 -0.026265
v -0.182102 0.143715 -0.006338
v -0.169688 0.159937 0.021197
v -0.150798 0.172200 0.051133
v -0.172587 0.144772 0.062399
v -0.167217 0.128447 0.103007
v -0.147099 0.139801 0.112766
v -0.155313 0.173708 0.011056
v -0.120961 0.157604 -0.109700
v -0.148673 0.164011 -0.040375
v -0.138728 0.138604 0.126629
v -0.164139 0.149263 0.080253
v -0.155931 0.144462 0.098497
v -0.134355 0.170050 -0.056848
v -0.107678 0.181238 -0.101362
v -0.100994 0.158086 -0.138190
v -0.112249 0.182155 -0.073944
v -0.136467 0.167578 0.078543
v -0.132377 0.178441 0.034649
v -0.139353 0.181143 -0.021620
v -0.124936 0.166887 0.093892
v -0.125818 0.138982 0.131501
v -0.107479 0.196777 -0.046510
v -0.075173 0.151756 -0.156470
v -0.124917 0.189216 0.023468
v -0.124573 0.183997 0.049606
v -0.111342 0.148066 0.132281
v -0.108886 0.175140 0.091210
v -0.078888 0.167895 -0.140034
v -0.088503 0.181513 -0.131133
v -0.103267 0.209843 -0.012430
v -0.111497 0.117938 0.160950
v -0.095853 0.189227 -0.098299
v -0.094403 0.196907 0.078631
v -0.101408 0.142219 0.149016
v -0.104438 0.163759 0.123616
v -0.085276 0.212968 -0.065078
v -0.089657 0.206861 -0.032425
v -0.085946 0.208892 0.038499
v -0.080682 0.188496 -0.121705
v -0.077546 0.207965 -0.100410
v -0.096669 0.212871 0.004983
v -0.090496 0.203333 0.059001
v -0.091921 0.182824 0.100497
v -0.052978 0.172140 -0.151633
v -0.069246 0.182720 -0.131272
v -0.057080 0.164222 -0.164154
v -0.078766 0.173170 0.128665
v -0.079090 0.149035 0.159952
v -0.053027 0.237127 -0.046276
v -0.068518 0.225473 -0.015787
v -0.030913 0.161310 -0.171339
v -0.069859 0.218333 0.020331
v -0.047889 0.204834 -0.117337
v -0.061198 0.218678 -0.082384
v -0.059629 0.201199 0.104999
v -0.063276 0.217171 0.072433
v -0.069103 0.160122 0.148465
v -0.036223 0.180611 -0.151831
v -0.048371 0.220422 -0.096699
v -0.053767 0.224487 0.001856
v -0.051123 0.223797 0.045468
v -0.052765 0.190870 0.115893
v -0.039523 0.232022 -0.067315
v -0.028548 0.216583 -0.101674
v -0.008911 0.170347 -0.157473
v -0.056521 0.182759 0.134225
v -0.038327 0.147927 0.176489
v -0.016394 0.196331 -0.131102
v -0.044608 0.172732 0.152911
v -0.019262 0.246906 -0.033443
v -0.037198 0.216239 0.092294
v -0.034202 0.237046 0.005119
v -0.027268 0.234071 0.041501
v -0.029733 0.228320 0.069136
v -0.021612 0.241551 0.024866
v -0.001769 0.152203 -0.178979
v -0.004726 0.214398 -0.103059
v -0.013899 0.235564 -0.062043
v 0.009112 0.188521 -0.129890
v -0.005507 0.253848 -0.009124
v -0.015043 0.190659 0.137648
v 0.011470 0.229100 -0.066136
v 0.008510 0.247928 -0.031556
v -0.006491 0.211056 0.109868
v 0.003663 0.238449 0.065514
v 0.002428 0.198570 0.123777
v 0.029063 0.166173 -0.143241
v 0.010604 0.222600 -0.083742
v -0.013340 0.155717 0.176886
v 0.018651 0.248145 0.028615
v 0.025084 0.248486 -0.004053
v 0.027624 0.189927 -0.112440
v 0.032382 0.240521 0.046860
v 0.009669 0.172752 0.157776
v 0.024758 0.207938 0.115525
v 0.023249 0.157613 0.172686
v 0.045267 0.214915 -0.066718
v 0.037630 0.239906 -0.025988
v 0.031821 0.225070 0.087273
v 0.048952 0.181927 -0.112634
v 0.059878 0.145588 -0.157083
v 0.045301 0.171287 -0.125169
v 0.062027 0.195276 -0.085359
v 0.049230 0.227373 0.073177
v 0.060135 0.227837 0.048906
v 0.024986 0.182702 0.149709
v 0.060837 0.223427 -0.047812
v 0.053943 0.235373 -0.019944
v 0.041173 0.198467 0.125908
v 0.065127 0.156605 -0.138664
v 0.057586 0.239785 0.017660
v 0.063727 0.222671 -0.029158
v 0.075567 0.172858 -0.103399
v 0.060243 0.216876 0.082346
v 0.076415 0.225278 -0.012232
v 0.060598 0.203715 0.110256
v 0.059431 0.177933 0.145480
v 0.045405 0.181946 0.139770
v 0.073074 0.225249 0.013189
v 0.093741 0.140673 -0.152901
v 0.093191 0.186367 -0.076404
v 0.077253 0.204349 -0.066341
v 0.042946 0.144746 0.175523
v 0.087220 0.152508 -0.123559
v 0.090201 0.222685 -0.002237
v 0.093054 0.206730 -0.049775
v 0.092905 0.219298 0.035697
v 0.097049 0.175940 -0.082080
v 0.082373 0.208205 0.077542
v 0.077479 0.190155 0.119333
v 0.069761 0.139482 0.175893
v 0.108664 0.164963 -0.096415
v 0.098298 0.208625 -0.031789
v 0.103750 0.209135 0.001175
v 0.113838 0.200015 0.054788
v 0.118670 0.183744 -0.065293
v 0.087812 0.155683 0.153801
v 0.100577 0.194741 0.080354
v 0.123850 0.188695 -0.038658
v 0.130537 0.188195 -0.014979
v 0.119262 0.201722 0.004441
v 0.121880 0.195780 0.040056
v 0.092270 0.172272 0.134649
v 0.107249 0.145177 -0.127286
v 0.106935 0.183047 0.099329
v 0.131963 0.160157 -0.095853
v 0.136062 0.187275 0.033339
v 0.120534 0.150563 0.138903
v 0.133694 0.125768 -0.131670
v 0.151023 0.168817 -0.032016
v 0.151756 0.178240 -0.002182
v 0.091590 0.129316 0.179925
v 0.146188 0.163895 -0.057546
v 0.110338 0.140704 0.154780
v 0.140426 0.163522 0.093650
v 0.123926 0.162796 0.116346
v 0.140027 0.177693 0.062398
v 0.149486 0.135612 -0.114568
v 0.153869 0.173011 0.017559
v 0.151024 0.147251 -0.083181
v 0.166098 0.160116 -0.015148
v 0.160663 0.161319 0.069569
v 0.169629 0.135331 -0.078929
v 0.136311 0.148697 0.124793
v 0.162320 0.135327 -0.092756
v 0.172984 0.155278 0.030440
v 0.157148 0.137824 0.113877
v 0.119019 0.123163 0.172031
v 0.176276 0.149480 -0.044050
v 0.176726 0.150782 0.009084
v 0.168123 0.160909 0.052134
v 0.167136 0.149751 0.081273
v -0.148210 0.120285 0.132964
v -0.210741 0.020180 0.165735
v -0.202032 -0.003942 0.180105
v -0.216347 -0.007142 0.172258
v -0.205042 -0.057068 0.162117
v -0.168830 -0.082327 0.171891
v -0.166061 0.088764 0.146573
v -0.186463 0.026313 0.175481
v -0.158458 -0.102791 0.144737
v -0.167397 0.072353 0.157898
v -0.188119 0.062610 0.152593
v -0.196165 -0.038395 0.175501
v -0.134993 -0.124607 0.149707
v -0.187748 0.044422 0.163086
v -0.184630 -0.052485 0.178726
v -0.161083 0.055693 0.172616
v -0.179259 0.002862 0.199095
v -0.175122 -0.064210 0.178410
v -0.152266 0.080421 0.165492
v -0.180610 -0.014327 0.196560
v -0.176640 0.034969 0.182419
v -0.146519 -0.102655 0.161863
v -0.121880 0.114499 0.146487
v -0.116429 -0.144464 0.141144
v -0.138021 0.105919 0.154977
v -0.172220 -0.032729 0.199713
v -0.160350 -0.047291 0.203408
v -0.161103 0.013036 0.209622
v -0.152011 -0.074809 0.193683
v -0.157326 0.034272 0.198241
v -0.128163 -0.100796 0.182177
v -0.154226 -0.028571 0.216977
v -0.132076 0.051763 0.202737
v -0.143423 -0.053648 0.211144
v -0.137904 -0.072328 0.207145
v -0.126555 0.090618 0.174280
v -0.136581 0.036763 0.201507
v -0.149716 0.018142 0.216149
v -0.096954 -0.136201 0.163969
v -0.145948 -0.012770 0.226142
v -0.118710 -0.091580 0.195423
v -0.124808 0.067735 0.199357
v -0.130246 -0.003678 0.231973
v -0.092727 -0.162204 0.136784
v -0.130077 -0.031214 0.231516
v -0.119577 -0.059219 0.221876
v -0.104347 0.106665 0.171480
v -0.080551 -0.134656 0.172798
v -0.105828 -0.109166 0.183272
v -0.077823 0.131904 0.170980
v -0.089965 0.084169 0.207618
v -0.124521 0.028397 0.220906
v -0.101892 -0.085110 0.211214
v -0.096208 0.057284 0.221544
v -0.113741 -0.032626 0.235414
v -0.103949 -0.068586 0.225927
v -0.109283 -0.003646 0.241734
v -0.086563 -0.107797 0.195336
v -0.102064 0.019569 0.237145
v -0.073823 0.121914 0.184908
v -0.065963 -0.169084 0.141133
v -0.072365 0.070811 0.214705
v -0.098151 -0.040400 0.245206
v -0.083538 -0.096012 0.206022
v -0.077789 -0.087763 0.226448
v -0.084444 0.037433 0.235584
v -0.043904 -0.143673 0.184786
v -0.086685 -0.008194 0.254775
v -0.073034 -0.122324 0.188256
v -0.051678 -0.127387 0.189570
v -0.051349 -0.160456 0.163533
v -0.064626 0.057263 0.228933
v -0.067974 0.022978 0.253879
v -0.086792 -0.057477 0.244276
v -0.063724 -0.115159 0.208040
v -0.052145 0.106214 0.203562
v -0.055430 0.042653 0.249704
v -0.054002 0.083584 0.216239
v -0.062262 -0.093072 0.231343
v -0.038748 -0.154755 0.180527
v -0.075107 0.006472 0.252532
v -0.067259 -0.026016 0.253469
v -0.066725 -0.072779 0.241280
v -0.031680 -0.120748 0.213114
v -0.037736 0.124369 0.195357
v -0.032292 -0.168369 0.163944
v -0.033838 0.006688 0.255201
v -0.046646 -0.101981 0.228322
v -0.039042 -0.040512 0.251037
v -0.046603 -0.062689 0.244272
v -0.028928 0.099137 0.213428
v -0.026176 -0.131437 0.191321
v -0.033119 0.053109 0.250176
v -0.019789 -0.154731 0.179570
v -0.015324 0.064136 0.240530
v -0.030957 -0.061513 0.243738
v -0.007966 -0.107287 0.225187
v -0.002146 0.108458 0.212466
v -0.020093 0.084257 0.221371
v -0.029173 0.033677 0.258737
v 0.001455 0.001258 0.254627
v -0.005055 -0.044330 0.251980
v -0.006725 0.132320 0.191799
v -0.011442 -0.007515 0.257206
v -0.003184 -0.125270 0.203172
v -0.009385 0.051212 0.256795
v 0.011800 0.118020 0.205844
v -0.004471 -0.080683 0.231201
v -0.002232 -0.147500 0.185135
v 0.004101 0.076409 0.230840
v 0.011103 0.020807 0.260319
v 0.012440 -0.068808 0.242096
v 0.002192 -0.136590 0.200188
v 0.016015 0.066581 0.241496
v 0.020834 -0.144787 0.178808
v 0.030815 0.138393 0.186817
v 0.025752 0.096371 0.218622
v 0.033188 0.043176 0.262152
v 0.013515 -0.089317 0.224572
v 0.013055 -0.159049 0.174351
v 0.034832 -0.026372 0.253120
v 0.014372 -0.116381 0.204803
v 0.016290 -0.133415 0.191957
v 0.036719 0.116504 0.205893
v 0.031127 -0.071510 0.231052
v 0.055674 0.085679 0.221723
v 0.032659 -0.052473 0.244385
v 0.048413 0.102752 0.217200
v 0.052840 0.068312 0.234364
v 0.051797 0.050622 0.247893
v 0.033266 -0.101806 0.220415
v 0.055652 -0.029590 0.253204
v 0.042309 0.001774 0.258574
v 0.052268 -0.110774 0.201246
v 0.064970 0.019064 0.260961
v 0.050130 -0.084700 0.229147
v 0.040092 -0.124861 0.193012
v 0.046368 -0.146845 0.170836
v 0.062619 0.117166 0.197830
v 0.084093 -0.009015 0.264489
v 0.072545 -0.069152 0.240473
v 0.063450 -0.132685 0.182322
v 0.076294 0.054640 0.240638
v 0.094854 0.017239 0.254353
v 0.089112 -0.025843 0.256314
v 0.074875 -0.095378 0.208668
v 0.069134 -0.109697 0.200113
v 0.084767 -0.061043 0.239698
v 0.089497 0.098238 0.204988
v 0.085879 0.069756 0.224137
v 0.097908 -0.080960 0.216231
v 0.085267 0.115974 0.189520
v 0.095374 0.031929 0.239438
v 0.113116 -0.041506 0.243557
v 0.100928 -0.063758 0.225886
v 0.098561 -0.108836 0.190524
v 0.083510 -0.123638 0.181391
v 0.114900 0.091171 0.203445
v 0.106419 0.063716 0.228719
v 0.129508 0.000326 0.246777
v 0.133104 -0.020758 0.244046
v 0.113078 0.109142 0.189432
v 0.122281 0.029968 0.237351
v 0.120563 -0.089161 0.202663
v 0.133211 0.072061 0.205669
v 0.144820 0.024638 0.226243
v 0.101423 -0.129790 0.167779
v 0.141812 0.044266 0.221709
v 0.127938 -0.054107 0.229143
v 0.136562 0.094130 0.186621
v 0.139504 0.056924 0.213488
v 0.150833 -0.065992 0.201389
v 0.163079 -0.015631 0.216812
v 0.153946 -0.046049 0.214364
v 0.135004 -0.116681 0.168337
v 0.125553 -0.136204 0.151849
v 0.151055 0.101718 0.167635
v 0.156123 0.017897 0.212554
v 0.145391 -0.090007 0.187937
v 0.153309 0.075819 0.191239
v 0.160179 0.037556 0.210833
v 0.170365 0.005934 0.206062
v 0.173334 -0.029172 0.198972
v -0.153533 0.085427 -0.164690
v -0.144887 0.075372 -0.173981
v -0.169687 0.033605 -0.209053
v -0.182427 -0.017634 -0.200892
v -0.147445 -0.079508 -0.185381
v -0.127967 -0.117023 -0.152692
v -0.179409 -0.049705 -0.184210
v -0.158619 -0.063323 -0.194264
v -0.160969 0.051764 -0.191018
v -0.184641 0.009595 -0.187835
v -0.166724 -0.080653 -0.168024
v -0.176921 0.056808 -0.178871
v -0.185310 0.032255 -0.175591
v -0.197811 -0.002200 -0.173921
v -0.145567 -0.114008 -0.147738
v -0.191140 -0.040987 -0.179204
v -0.178124 -0.071844 -0.166049
v -0.147438 0.122995 -0.124931
v -0.195194 -0.023566 -0.171980
v -0.157339 0.098830 -0.149816
v -0.167458 -0.099126 -0.140271
v -0.123218 -0.138884 -0.135080
v -0.214319 0.014859 -0.154396
v -0.195351 -0.063817 -0.154862
v -0.175003 0.083238 -0.141833
v -0.194430 0.050201 -0.153665
v -0.203301 0.024686 -0.155692
v -0.191288 0.064723 -0.150728
v -0.163671 -0.113312 -0.128775
v -0.149759 -0.135576 -0.115130
v -0.218744 -0.017773 -0.155602
v -0.179143 0.089888 -0.125560
v -0.211406 -0.059926 -0.137932
v -0.161612 0.111626 -0.107841
v -0.217148 0.035804 -0.141297
v -0.117821 -0.156236 -0.111135
v -0.182028 -0.098692 -0.123183
v -0.161817 0.131493 -0.087993
v -0.199174 0.063077 -0.133794
v -0.228664 -0.003169 -0.129988
v -0.192110 -0.080506 -0.132044
v -0.166960 -0.118198 -0.112282
v -0.187402 0.096082 -0.097882
v -0.163620 -0.135484 -0.091455
v -0.228392 -0.046503 -0.136842
v -0.189333 -0.101533 -0.105549
v -0.204399 0.072677 -0.097043
v -0.208282 -0.079855 -0.118839
v -0.189885 -0.114476 -0.090087
v -0.215184 0.054965 -0.121217
v -0.138030 -0.149412 -0.087091
v -0.153757 -0.151461 -0.074461
v -0.225181 0.053792 -0.087923
v -0.235368 0.043253 -0.113918
v -0.249214 0.028036 -0.094621
v -0.246019 -0.044412 -0.110816
v -0.209347 -0.100552 -0.090713
v -0.254377 -0.009837 -0.104736
v -0.177557 0.119450 -0.069279
v -0.229991 -0.070715 -0.100279
v -0.193209 0.097885 -0.075658
v -0.174987 -0.137675 -0.071621
v -0.238162 0.057117 -0.063516
v -0.232470 -0.082522 -0.076541
v -0.247512 -0.058220 -0.075210
v -0.263051 -0.014741 -0.080712
v -0.254866 -0.032027 -0.081398
v -0.196295 -0.122229 -0.072777
v -0.200154 0.106059 -0.045034
v -0.213043 0.078410 -0.068580
v -0.193091 0.121285 -0.033392
v -0.253503 0.026703 -0.072958
v -0.263582 0.003523 -0.072941
v -0.258628 -0.040994 -0.058136
v -0.204126 -0.119801 -0.046379
v -0.218033 0.087706 -0.045581
v -0.251125 0.040250 -0.049231
v -0.269698 0.017463 -0.050932
v -0.218130 -0.097625 -0.058995
v -0.189481 -0.136126 -0.040666
v -0.244992 -0.073098 -0.027669
v -0.169943 -0.155997 -0.039121
v -0.277365 -0.004285 -0.037561
v -0.230056 -0.087013 -0.024053
v -0.253425 0.058039 -0.031795
v -0.213001 0.105006 -0.011904
v -0.276956 0.011065 -0.027705
v -0.253171 -0.057799 -0.031519
v -0.240468 0.075088 -0.027896
v -0.216642 -0.108668 -0.016319
v -0.166004 -0.163979 -0.018801
v -0.228081 0.091353 -0.017009
v -0.205982 -0.116947 -0.013810
v -0.199201 -0.131775 -0.006901
v -0.271685 0.001069 0.011168
v -0.250167 0.061107 0.004907
v -0.269934 -0.035000 -0.006978
v -0.247904 -0.062428 -0.002702
v -0.260627 0.037476 -0.015018
v -0.266520 0.018530 0.011474
v -0.186623 -0.145342 0.004989
v -0.210580 0.096617 0.014181
v -0.231452 0.078857 0.010554
v -0.168293 -0.158004 0.017657
v -0.219425 -0.099716 0.025572
v -0.191034 0.129723 0.019034
v -0.205481 -0.118426 0.031257
v -0.263780 -0.045932 0.021803
v -0.235788 -0.078678 0.024607
v -0.257603 0.037497 0.025942
v -0.276750 -0.016179 0.032013
v -0.176159 -0.148991 0.034612
v -0.275011 0.014277 0.040042
v -0.240576 0.068279 0.025307
v -0.246494 -0.064495 0.046930
v -0.257199 0.038551 0.056598
v -0.263314 -0.047485 0.054613
v -0.185794 0.135912 0.050336
v -0.233268 0.074918 0.044464
v -0.257415 0.030357 0.073908
v -0.275330 -0.017183 0.056634
v -0.213794 -0.103079 0.057987
v -0.202623 0.109610 0.048518
v -0.230883 -0.079170 0.071283
v -0.233602 0.062164 0.074944
v -0.190298 -0.134196 0.047657
v -0.252098 -0.060321 0.069415
v -0.229781 0.077220 0.067641
v -0.223066 -0.090794 0.080747
v -0.194757 -0.117761 0.074611
v -0.269280 -0.001144 0.095827
v -0.219330 0.081311 0.089053
v -0.245164 0.041779 0.108702
v -0.265177 0.018385 0.083043
v -0.264631 -0.031807 0.089304
v -0.182151 0.131627 0.084183
v -0.200138 0.105809 0.079289
v -0.232882 -0.070121 0.102722
v -0.209360 -0.103391 0.090907
v -0.227203 0.059506 0.107492
v -0.173479 -0.137957 0.070349
v -0.162038 -0.150614 0.074944
v -0.260520 -0.012626 0.116965
v -0.172822 -0.135213 0.090823
v -0.192142 0.108445 0.101221
v -0.245899 0.012678 0.132312
v -0.204774 0.077470 0.124638
v -0.181219 -0.119510 0.102542
v -0.242134 -0.016579 0.141614
v -0.236089 -0.032799 0.136761
v -0.243850 -0.043526 0.118788
v -0.224281 -0.058642 0.131794
v -0.191605 0.091666 0.123150
v -0.214623 -0.088386 0.118072
v -0.173879 0.115152 0.113566
v -0.210603 0.058877 0.137401
v -0.226381 0.032500 0.139657
v -0.176614 -0.111296 0.127470
v -0.208041 0.048039 0.147616
v -0.153690 -0.138745 0.109567
v -0.225974 -0.042292 0.151907
v -0.203436 -0.074358 0.147001
v -0.215070 -0.027602 0.172108
v -0.164145 0.107110 0.126903
v -0.189146 -0.093088 0.129588
v -0.154631 -0.126465 0.129702
v 0.167644 0.124215 -0.121196
v 0.208842 0.019639 -0.165820
v 0.203303 -0.034942 -0.163591
v 0.205458 -0.047731 -0.142637
v 0.185710 -0.079539 -0.140450
v 0.191960 0.001419 -0.183417
v 0.187411 -0.049766 -0.167407
v 0.195291 -0.017543 -0.182685
v 0.161633 0.096796 -0.161697
v 0.177930 0.061527 -0.177040
v 0.175692 -0.076284 -0.156525
v 0.158027 -0.107177 -0.147491
v 0.166298 -0.120723 -0.128165
v 0.159146 0.114202 -0.139930
v 0.186537 0.029882 -0.175028
v 0.137551 -0.144457 -0.134388
v 0.170144 -0.029208 -0.194309
v 0.153994 -0.073064 -0.176659
v 0.160443 0.074788 -0.178454
v 0.173589 -0.048242 -0.176130
v 0.139517 -0.125199 -0.151353
v 0.153780 -0.092341 -0.162377
v 0.173743 0.014033 -0.194484
v 0.135223 0.079266 -0.197657
v 0.157118 -0.000774 -0.205734
v 0.151606 -0.043045 -0.194364
v 0.145652 -0.055566 -0.196562
v 0.157141 0.044758 -0.203677
v 0.128303 -0.102976 -0.167458
v 0.124403 0.117802 -0.152199
v 0.138027 0.104218 -0.167370
v 0.117060 -0.120343 -0.162675
v 0.107517 -0.139948 -0.151290
v 0.124745 0.094483 -0.182410
v 0.123546 -0.069447 -0.197338
v 0.111501 -0.091587 -0.190517
v 0.139685 -0.020834 -0.209981
v 0.099409 -0.152429 -0.144570
v 0.142588 0.051902 -0.211300
v 0.125093 -0.043888 -0.210989
v 0.112827 0.120951 -0.167921
v 0.138327 0.028149 -0.223633
v 0.109808 0.054409 -0.223729
v 0.128978 -0.008748 -0.228007
v 0.095128 -0.115128 -0.175667
v 0.102309 0.014235 -0.242314
v 0.094816 0.106445 -0.193256
v 0.082728 -0.138791 -0.166463
v 0.094161 -0.080908 -0.202570
v 0.075036 0.138458 -0.157430
v 0.101913 0.025659 -0.241297
v 0.079548 0.129151 -0.177280
v 0.101105 0.078430 -0.212438
v 0.092658 -0.066380 -0.216026
v 0.083808 -0.123553 -0.181842
v 0.074487 -0.157585 -0.150126
v 0.106085 -0.023931 -0.233644
v 0.065011 -0.116891 -0.193462
v 0.061646 -0.148829 -0.169962
v 0.075270 0.033019 -0.246392
v 0.080962 0.052506 -0.234106
v 0.080739 -0.038864 -0.229264
v 0.050345 -0.138882 -0.171971
v 0.055758 -0.021435 -0.250067
v 0.046967 0.132670 -0.181976
v 0.059834 0.118334 -0.190181
v 0.061873 -0.070762 -0.222783
v 0.041063 0.006922 -0.257949
v 0.062303 -0.098957 -0.204876
v 0.064101 0.085827 -0.214994
v 0.050949 0.054536 -0.237677
v 0.042067 -0.125011 -0.189590
v 0.044252 -0.159773 -0.163105
v 0.041032 0.091323 -0.220054
v 0.048323 -0.050216 -0.238326
v 0.046627 -0.077850 -0.218232
v 0.030768 -0.136719 -0.182243
v 0.035489 -0.159395 -0.166976
v 0.040277 -0.005580 -0.262000
v 0.038276 0.108872 -0.200855
v 0.026180 0.147405 -0.173238
v 0.018627 -0.021574 -0.252080
v 0.022172 -0.059821 -0.237621
v 0.027468 0.064048 -0.249414
v 0.028844 -0.085300 -0.217967
v 0.014102 0.127660 -0.195892
v 0.019399 0.084297 -0.231370
v 0.017759 0.037063 -0.260816
v 0.013159 -0.008538 -0.258372
v 0.011039 -0.124222 -0.196963
v 0.004507 0.111790 -0.215878
v -0.011115 -0.045559 -0.252429
v -0.005489 0.136865 -0.194284
v 0.005236 -0.107433 -0.212734
v 0.005395 0.089187 -0.234009
v -0.023923 0.011615 -0.262142
v -0.010008 0.062226 -0.249832
v -0.012635 0.024036 -0.267293
v -0.011981 -0.097193 -0.224012
v -0.025500 -0.008724 -0.269112
v -0.002453 -0.154057 -0.173757
v -0.022076 -0.028274 -0.263656
v -0.018887 -0.123709 -0.198782
v -0.024898 0.108956 -0.220242
v -0.034247 0.041239 -0.263324
v -0.012755 -0.080815 -0.236872
v -0.029843 0.082251 -0.241032
v -0.028776 0.129198 -0.206421
v -0.035153 -0.080086 -0.231282
v -0.038191 -0.113146 -0.210384
v -0.037246 -0.144979 -0.180690
v -0.048415 0.019876 -0.264892
v -0.051126 0.088148 -0.231071
v -0.070222 0.002650 -0.272629
v -0.049658 -0.065705 -0.242620
v -0.063967 0.140092 -0.184944
v -0.067498 -0.018237 -0.268256
v -0.062391 0.069859 -0.243934
v -0.059249 -0.044869 -0.254566
v -0.049410 0.109303 -0.218888
v -0.050382 0.131483 -0.200007
v -0.072895 0.045592 -0.255224
v -0.061394 -0.089262 -0.225308
v -0.055132 -0.155620 -0.165160
v -0.064598 -0.120049 -0.196114
v -0.052426 -0.140474 -0.178778
v -0.077648 0.084330 -0.226941
v -0.070225 0.119486 -0.202468
v -0.085149 0.029680 -0.259706
v -0.087022 -0.067992 -0.230809
v -0.083750 0.100700 -0.206029
v -0.079922 -0.106525 -0.207355
v -0.098028 -0.002472 -0.256751
v -0.084790 0.119267 -0.188705
v -0.079281 -0.135176 -0.174482
v -0.091689 0.059404 -0.231222
v -0.086309 0.131331 -0.178025
v -0.111898 0.041114 -0.246564
v -0.110921 0.012901 -0.247709
v -0.103245 0.077821 -0.218012
v -0.118311 0.050944 -0.231475
v -0.106107 -0.040890 -0.246153
v -0.125967 -0.024802 -0.246998
v -0.094256 -0.108302 -0.192847
v -0.114763 -0.106933 -0.182816
v -0.099139 -0.124952 -0.174390
v -0.090063 -0.140042 -0.153467
v -0.111017 -0.073854 -0.218265
v -0.125100 -0.085944 -0.193703
v -0.112942 0.097176 -0.193270
v -0.135943 0.009922 -0.246341
v -0.124726 -0.044506 -0.233309
v -0.102033 0.144696 -0.147379
v -0.149297 0.029685 -0.229163
v -0.135719 0.055740 -0.197595
v -0.157394 0.002202 -0.241438
v -0.147496 -0.036453 -0.231633
v -0.134573 -0.068938 -0.208911
v -0.107081 0.122992 -0.171922
v -0.163008 -0.045789 -0.211854
v -0.101950 -0.142002 -0.149130
v -0.132764 0.099915 -0.172288
v -0.138379 -0.097474 -0.171671
v -0.160594 -0.019018 -0.217142
v -0.172998 0.005935 -0.220468
v 0.150025 0.114233 0.152748
v 0.175553 0.036521 0.192355
v 0.167192 -0.055005 0.193648
v 0.183074 0.001677 0.190646
v 0.167758 0.051474 0.190418
v 0.165858 0.086095 0.168370
v 0.168552 0.064265 0.174101
v 0.197955 0.028525 0.163576
v 0.196252 -0.017804 0.172702
v 0.193887 -0.036281 0.172083
v 0.171480 -0.115778 0.134653
v 0.167531 -0.087807 0.168726
v 0.154372 0.123745 0.137112
v 0.188822 0.055450 0.164755
v 0.189772 -0.067510 0.158826
v 0.188725 -0.094359 0.135492
v 0.181073 0.073370 0.157568
v 0.203246 0.007158 0.165411
v 0.147031 -0.142164 0.121746
v 0.171180 0.098924 0.143086
v 0.206093 0.042810 0.139036
v 0.192997 0.093343 0.116304
v 0.203203 -0.039631 0.139881
v 0.211600 -0.065684 0.120832
v 0.180894 0.114436 0.111743
v 0.213819 0.014745 0.146428
v 0.200272 0.060104 0.128663
v 0.232410 0.008147 0.120769
v 0.168750 -0.144893 0.092177
v 0.215546 -0.026285 0.133746
v 0.177132 -0.123843 0.111803
v 0.172591 0.140341 0.095310
v 0.229916 0.053701 0.102404
v 0.198015 -0.100921 0.108571
v 0.233582 0.027489 0.108325
v 0.225971 -0.041412 0.106839
v 0.243758 -0.014341 0.099715
v 0.232504 -0.034277 0.106786
v 0.209584 -0.081864 0.100933
v 0.221949 0.078391 0.090651
v 0.252571 0.037541 0.074468
v 0.227402 -0.064787 0.091006
v 0.210678 -0.106319 0.082927
v 0.188431 -0.133094 0.074614
v 0.209564 0.100676 0.086245
v 0.250761 0.016537 0.093228
v 0.196128 0.116554 0.082678
v 0.246831 -0.031962 0.077928
v 0.201885 -0.114239 0.065882
v 0.225916 -0.092187 0.056773
v 0.263566 0.007508 0.077052
v 0.194662 0.137328 0.045279
v 0.240462 -0.064743 0.068985
v 0.194016 -0.138155 0.047098
v 0.221593 0.107022 0.047855
v 0.247930 0.071554 0.047912
v 0.251471 0.058578 0.052907
v 0.168359 -0.161199 0.045947
v 0.263752 -0.015670 0.057697
v 0.200590 -0.119638 0.047406
v 0.221343 -0.105727 0.007481
v 0.265630 0.035601 0.045642
v 0.248105 0.078076 0.027757
v 0.256570 -0.045889 0.052621
v 0.200887 -0.121572 0.019706
v 0.238096 -0.082937 0.042401
v 0.270640 0.001582 0.022398
v 0.192771 -0.136179 0.019046
v 0.274032 0.037748 0.010902
v 0.269035 -0.017157 0.026916
v 0.261851 -0.041417 0.030735
v 0.250049 -0.066060 0.016166
v 0.234178 0.103523 0.007533
v 0.241937 -0.077413 0.017145
v 0.215602 0.117973 0.009781
v 0.264194 0.060827 0.004167
v 0.260495 -0.054094 0.009334
v 0.175918 -0.152260 0.014387
v 0.281337 0.013569 -0.015610
v 0.265579 -0.035442 -0.008916
v 0.248619 0.074691 -0.007250
v 0.202448 0.133277 0.014815
v 0.191125 -0.141678 -0.014232
v 0.232677 -0.114473 -0.014880
v 0.209472 -0.123327 -0.005745
v 0.165667 -0.166170 -0.004470
v 0.278710 -0.008944 -0.014988
v 0.237672 -0.090995 -0.015670
v 0.275911 0.038673 -0.017407
v 0.192215 0.140782 -0.011746
v 0.251568 -0.067578 -0.019666
v 0.216540 0.113569 -0.019233
v 0.284549 -0.012663 -0.047744
v 0.261727 -0.049657 -0.026639
v 0.269165 0.035653 -0.055342
v 0.237674 -0.079846 -0.032390
v 0.198878 0.129685 -0.037077
v 0.206328 -0.120144 -0.038570
v 0.224756 0.102356 -0.039927
v 0.283536 0.009673 -0.055228
v 0.271000 -0.030663 -0.040269
v 0.223057 -0.103690 -0.040310
v 0.249852 0.069002 -0.042440
v 0.237218 -0.080933 -0.053276
v 0.205089 0.115181 -0.050039
v 0.239271 0.067017 -0.074597
v 0.176760 -0.156184 -0.041553
v 0.226611 0.088672 -0.056176
v 0.256576 0.041598 -0.065912
v 0.263883 -0.015952 -0.094158
v 0.257702 -0.052428 -0.057894
v 0.195844 -0.140045 -0.040062
v 0.225837 -0.098189 -0.072855
v 0.263736 0.010402 -0.088938
v 0.258987 -0.032094 -0.078918
v 0.233982 -0.069137 -0.079414
v 0.186644 0.133821 -0.064683
v 0.208923 0.106492 -0.079926
v 0.215632 -0.113320 -0.084289
v 0.226821 0.087717 -0.076983
v 0.187884 -0.142235 -0.075824
v 0.169447 -0.157376 -0.077676
v 0.245824 0.041779 -0.096078
v 0.243355 -0.024830 -0.113184
v 0.240703 -0.044993 -0.101635
v 0.229576 0.072447 -0.092824
v 0.224047 -0.069435 -0.097679
v 0.184563 0.124781 -0.083152
v 0.220360 -0.098704 -0.105496
v 0.235484 0.044287 -0.125040
v 0.243111 0.027665 -0.112814
v 0.202249 0.104126 -0.091044
v 0.212772 0.087643 -0.090166
v 0.246549 0.007451 -0.124593
v 0.215349 -0.057601 -0.127676
v 0.181053 -0.139249 -0.099533
v 0.218195 0.065494 -0.122470
v 0.230158 -0.015839 -0.146343
v 0.181014 0.119279 -0.111749
v 0.230562 -0.039525 -0.130805
v 0.210281 -0.080884 -0.115503
v 0.194930 0.085340 -0.131498
v 0.233329 0.030150 -0.139033
v 0.185585 0.097905 -0.125746
v 0.181281 -0.095286 -0.126014
v 0.226438 0.004756 -0.156367
v 0.177838 -0.119742 -0.121654
v 0.204195 0.071180 -0.141780
v 0.211585 0.037826 -0.149412
v 0.158331 -0.138120 -0.116976
v -0.153393 -0.170375 0.012826
v -0.152270 -0.164969 0.040000
v -0.136477 -0.175157 -0.041931
v -0.126855 -0.158210 0.109475
v -0.136954 -0.182251 -0.006771
v -0.146003 -0.163633 0.067011
v -0.116606 -0.164099 -0.090242
v -0.114264 -0.156094 -0.130765
v -0.132771 -0.174507 -0.059418
v -0.138644 -0.179999 -0.028063
v -0.121818 -0.176268 0.081907
v -0.124259 -0.188271 0.032154
v -0.112425 -0.186298 -0.058970
v -0.111030 -0.178313 -0.129940
v -0.113926 -0.195864 0.007547
v -0.133695 -0.178258 0.058327
v -0.085407 -0.159476 -0.145247
v -0.100300 -0.160867 -0.145500
v -0.103469 -0.171978 -0.109423
v -0.112213 -0.184899 -0.023508
v -0.098884 -0.187536 -0.071901
v -0.107796 -0.191353 0.067837
v -0.072776 -0.153720 -0.155382
v -0.082483 -0.175734 -0.134565
v -0.107305 -0.168015 0.107239
v -0.084642 -0.206782 0.051339
v -0.089831 -0.203898 -0.058428
v -0.070696 -0.200541 -0.077690
v -0.061861 -0.171664 -0.135996
v -0.086881 -0.212957 -0.007656
v -0.089991 -0.178318 -0.110292
v -0.077515 -0.192463 0.100508
v -0.091171 -0.205256 -0.028856
v -0.073766 -0.196640 -0.097501
v -0.072491 -0.180507 0.123621
v -0.085979 -0.210307 0.028982
v -0.077219 -0.211489 0.008795
v -0.071641 -0.205059 0.077435
v -0.065147 -0.207512 -0.066749
v -0.055872 -0.224622 -0.030448
v -0.061280 -0.193406 -0.105793
v -0.042936 -0.178135 -0.142825
v -0.023248 -0.163952 -0.159065
v -0.048182 -0.206397 -0.081670
v -0.022394 -0.182492 -0.138638
v -0.057662 -0.223428 0.014802
v -0.035433 -0.197345 -0.116267
v -0.043327 -0.222454 -0.056724
v -0.050323 -0.204756 0.095269
v -0.035873 -0.237397 -0.004776
v -0.003996 -0.177078 -0.149915
v -0.052201 -0.219670 0.051453
v -0.037455 -0.179684 0.130379
v -0.032789 -0.232668 0.033288
v -0.018304 -0.238466 -0.033063
v -0.036377 -0.212369 0.072349
v -0.014378 -0.231830 0.045711
v -0.012087 -0.219993 -0.079804
v -0.019412 -0.213514 -0.099362
v -0.023293 -0.244213 0.010796
v -0.013709 -0.197897 -0.119712
v -0.013568 -0.206523 0.104082
v -0.029933 -0.212538 0.091371
v 0.006076 -0.242594 -0.005933
v -0.014772 -0.231281 -0.055348
v -0.013345 -0.191486 0.122396
v -0.008133 -0.219580 0.080972
v 0.006220 -0.195334 -0.122457
v 0.024039 -0.174619 -0.140780
v 0.018749 -0.228840 -0.048677
v 0.002310 -0.179561 0.151004
v 0.013615 -0.226112 -0.065494
v 0.013890 -0.225520 0.061532
v 0.028683 -0.235320 -0.034029
v 0.010420 -0.190576 0.128507
v 0.028687 -0.191847 -0.120625
v 0.007525 -0.167611 0.157621
v 0.022899 -0.241897 0.022845
v 0.020325 -0.211650 -0.088215
v 0.025359 -0.231174 0.051642
v 0.066159 -0.214644 -0.072977
v 0.050307 -0.175483 -0.141019
v 0.013710 -0.206275 0.094764
v 0.055424 -0.192037 -0.105161
v 0.021795 -0.181693 0.139950
v 0.039190 -0.216488 0.064004
v 0.048072 -0.230343 -0.034551
v 0.044917 -0.241355 -0.007567
v 0.026927 -0.208677 0.089366
v 0.057426 -0.234775 -0.001703
v 0.055144 -0.202408 -0.094966
v 0.050967 -0.231103 0.036233
v 0.044952 -0.193723 0.112674
v 0.067865 -0.219736 -0.053407
v 0.071327 -0.173718 -0.129984
v 0.033173 -0.159820 0.153670
v 0.043454 -0.172922 0.137621
v 0.062017 -0.218368 0.046247
v 0.077122 -0.227500 -0.029725
v 0.081852 -0.193925 -0.102467
v 0.051094 -0.200863 0.089374
v 0.071574 -0.224082 0.020057
v 0.086596 -0.221925 -0.014405
v 0.068278 -0.196268 0.089060
v 0.093071 -0.222128 0.002414
v 0.093310 -0.171548 -0.130675
v 0.082259 -0.205639 0.067174
v 0.081521 -0.218101 0.042638
v 0.064601 -0.169027 0.128879
v 0.088751 -0.190706 0.083980
v 0.100827 -0.214522 -0.043603
v 0.095793 -0.186571 -0.110327
v 0.113491 -0.192155 -0.085371
v 0.069309 -0.159468 0.145967
v 0.083953 -0.179692 0.110456
v 0.112650 -0.210874 -0.032429
v 0.088305 -0.216232 0.030094
v 0.105364 -0.214143 0.013420
v 0.115391 -0.201726 0.038376
v 0.112247 -0.168420 -0.119663
v 0.127655 -0.188902 -0.075706
v 0.078446 -0.143862 0.164457
v 0.085887 -0.161318 0.134046
v 0.128474 -0.200478 0.008866
v 0.129507 -0.175731 -0.104945
v 0.139593 -0.187194 -0.054474
v 0.129036 -0.154591 -0.126842
v 0.109469 -0.178407 0.097052
v 0.128865 -0.183944 0.066232
v 0.144585 -0.174493 -0.073480
v 0.112961 -0.166294 0.118687
v 0.142503 -0.190603 -0.019970
v 0.100015 -0.146237 0.149674
v 0.155696 -0.154284 -0.101224
v 0.116624 -0.151018 0.136338
v 0.144895 -0.185047 -0.000857
v 0.159251 -0.163403 -0.088941
v 0.152433 -0.172464 0.063084
v 0.152499 -0.174078 0.029739
v 0.132319 -0.154563 0.097444
v 0.156719 -0.172962 -0.053142
v 0.167547 -0.157894 0.069534
vn -0.5039 0.6797 -0.5330
vn -0.5632 0.5706 -0.5976
vn -0.6004 0.6309 -0.4915
vn -0.6425 0.6366 -0.4266
vn -0.6836 0.6677 -0.2949
vn -0.6973 0.6634 -0.2715
vn -0.6797 0.6569 -0.3265
vn -0.7514 0.6449 -0.1395
vn -0.7350 0.6766 0.0454
vn -0.5200 0.8310 0.1976
vn -0.6904 0.6949 0.2012
vn -0.5781 0.6144 0.5369
vn -0.5137 0.7136 0.4764
vn -0.5874 0.8093 -0.0048
vn -0.6349 0.5837 -0.5062
vn -0.7034 0.6404 -0.3084
vn -0.3452 0.7872 0.5111
vn -0.6017 0.7300 0.3241
vn -0.5329 0.6850 0.4969
vn -0.6527 0.6978 -0.2950
vn -0.6204 0.7263 -0.2959
vn -0.5447 0.5422 -0.6398
vn -0.6543 0.7204 -0.2298
vn -0.4416 0.8172 0.3704
vn -0.5198 0.8453 0.1234
vn -0.6273 0.7577 -0.1797
vn -0.4431 0.7982 0.4082
vn -0.4562 0.6133 0.6448
vn -0.5811 0.7871 -0.2072
vn -0.4628 0.6770 -0.5722
vn -0.5641 0.8079 0.1706
vn -0.5076 0.8408 0.1879
vn -0.4864 0.6781 0.5510
vn -0.4992 0.7792 0.3791
vn -0.2996 0.5712 -0.7642
vn -0.3721 0.6759 -0.6362
vn -0.4869 0.8672 -0.1044
vn -0.5045 0.5319 0.6802
vn -0.6057 0.7404 -0.2914
vn -0.5399 0.7631 0.3552
vn -0.4877 0.6118 0.6228
vn -0.4791 0.6722 0.5645
vn -0.5854 0.7962 -0.1525
vn -0.4784 0.8629 -0.1628
vn -0.4382 0.8827 0.1696
vn -0.3005 0.8007 -0.5182
vn -0.4431 0.7930 -0.4181
vn -0.3733 0.9258 0.0592
vn -0.4950 0.8582 0.1362
vn -0.4997 0.7347 0.4589
vn -0.3546 0.7129 -0.6050
vn -0.2204 0.7035 -0.6756
vn -0.3712 0.7670 -0.5234
vn -0.4068 0.7343 0.5434
vn -0.3753 0.6321 0.6779
vn -0.3805 0.9196 -0.0977
vn -0.3946 0.9150 0.0838
vn -0.0384 0.7091 -0.7040
vn -0.3266 0.9379 0.1169
vn -0.1737 0.7513 -0.6367
vn -0.3671 0.8735 -0.3197
vn -0.3106 0.7550 0.5776
vn -0.3935 0.8865 0.2434
vn -0.2988 0.7194 0.6271
vn -0.1350 0.7604 -0.6353
vn -0.2857 0.8367 -0.4672
vn -0.3548 0.9265 0.1255
vn -0.3949 0.9129 0.1033
vn -0.2075 0.7818 0.5880
vn -0.1468 0.9165 -0.3721
vn 0.0242 0.8616 -0.5070
vn 0.2002 0.7418 -0.6400
vn -0.3526 0.8061 0.4752
vn -0.2461 0.6046 0.7575
vn 0.0817 0.7800 -0.6204
vn -0.2846 0.6946 0.6607
vn -0.1946 0.9642 -0.1801
vn -0.2255 0.8466 0.4821
vn -0.5074 0.8601 0.0519
vn -0.2989 0.9255 0.2328
vn -0.2754 0.9228 0.2693
vn -0.2947 0.9326 0.2085
vn 0.9960 0.0595 -0.0666
vn 0.1950 0.8245 -0.5312
vn 0.0716 0.9194 -0.3867
vn 0.3500 0.7298 -0.5873
vn -0.1099 0.9920 0.0620
vn -0.0812 0.8542 0.5135
vn 0.2325 0.8841 -0.4053
vn 0.1547 0.9295 -0.3349
vn -0.1161 0.7788 0.6164
vn -0.0756 0.9382 0.3378
vn -0.0935 0.7855 0.6117
vn 0.3279 0.7630 -0.5570
vn 0.1952 0.8727 -0.4475
vn -0.0684 0.6277 0.7754
vn 0.0347 0.9892 0.1422
vn 0.2001 0.9790 -0.0381
vn 0.3624 0.7456 -0.5593
vn 0.2831 0.9342 0.2170
vn 0.0195 0.7332 0.6798
vn 0.0559 0.8292 0.5562
vn 0.1097 0.6535 0.7490
vn 0.3138 0.8124 -0.4915
vn 0.3113 0.9009 -0.3023
vn 0.1694 0.8554 0.4895
vn 0.3407 0.7557 -0.5593
vn 0.2779 0.7736 -0.5695
vn 0.3281 0.7046 -0.6292
vn 0.3573 0.7369 -0.5739
vn 0.3613 0.8633 0.3524
vn 0.3780 0.8849 0.2723
vn 0.0700 0.6778 0.7319
vn 0.3178 0.8619 -0.3952
vn 0.4336 0.8697 -0.2358
vn 0.1823 0.7869 0.5896
vn 0.2956 0.8187 -0.4923
vn 0.4095 0.9096 0.0696
vn 0.2718 0.9542 -0.1250
vn 0.3926 0.7397 -0.5466
vn 0.3748 0.8407 0.3910
vn 0.4019 0.8967 -0.1854
vn 0.2950 0.8292 0.4748
vn 0.2189 0.7255 0.6525
vn 0.1116 0.7974 0.5930
vn 0.5043 0.8613 -0.0625
vn 0.3197 0.8305 -0.4562
vn 0.4081 0.6576 -0.6332
vn 0.3639 0.7459 -0.5578
vn 0.1573 0.5171 0.8413
vn 0.3279 0.8345 -0.4429
vn 0.4685 0.8801 -0.0774
vn 0.4621 0.8068 -0.3682
vn 0.4966 0.8564 0.1414
vn 0.3477 0.7199 -0.6007
vn 0.4384 0.8256 0.3553
vn 0.3870 0.7812 0.4899
vn 0.2091 0.6621 0.7197
vn 0.2119 0.8215 -0.5293
vn 0.5390 0.8182 -0.1998
vn 0.6156 0.7851 -0.0690
vn 0.5542 0.7871 0.2706
vn 0.4650 0.7799 -0.4189
vn 0.3499 0.6340 0.6897
vn 0.5172 0.7771 0.3586
vn 0.5858 0.7839 -0.2056
vn 0.5514 0.8078 -0.2085
vn 0.4939 0.8660 -0.0779
vn 0.5868 0.8030 0.1041
vn 0.4094 0.7233 0.5560
vn 0.3406 0.8038 -0.4877
vn 0.4960 0.7825 0.3763
vn 0.4412 0.7699 -0.4610
vn 0.6164 0.7773 0.1261
vn 0.4793 0.6590 0.5797
vn 0.3154 0.7598 -0.5685
vn 0.5855 0.7815 -0.2153
vn 0.6746 0.7347 -0.0715
vn 0.2550 0.6765 0.6909
vn 0.5796 0.7558 -0.3046
vn 0.4095 0.6705 0.6187
vn 0.5261 0.7550 0.3914
vn 0.5150 0.7404 0.4319
vn 0.5522 0.7940 0.2543
vn 0.4076 0.7778 -0.4783
vn 0.6865 0.7247 0.0595
vn 0.6076 0.7245 -0.3255
vn 0.6483 0.7576 -0.0760
vn 0.5910 0.7455 0.3081
vn 0.4992 0.7856 -0.3654
vn 0.5556 0.6979 0.4520
vn 0.5123 0.8116 -0.2807
vn 0.6571 0.7533 -0.0288
vn 0.5801 0.6559 0.4829
vn 0.4362 0.6841 0.5846
vn 0.5925 0.7785 -0.2071
vn 0.6225 0.7824 -0.0165
vn 0.6341 0.7624 0.1291
vn 0.6368 0.7080 0.3052
vn -0.4994 0.5726 0.6502
vn -0.5987 0.3935 0.6977
vn -0.5919 0.1224 0.7966
vn -0.6511 0.1295 0.7479
vn -0.5479 -0.5206 0.6548
vn -0.5269 -0.6379 0.5617
vn -0.5478 0.5577 0.6236
vn -0.5771 0.4617 0.6736
vn -0.5364 -0.6422 0.5477
vn -0.5256 0.5022 0.6867
vn -0.4845 0.5198 0.7036
vn -0.5013 -0.3660 0.7840
vn -0.5036 -0.6331 0.5878
vn -0.4985 0.4869 0.7172
vn -0.5788 -0.4179 0.7002
vn -0.5398 0.5058 0.6729
vn -0.5835 0.1398 0.8000
vn -0.5939 -0.4582 0.6613
vn -0.5404 0.5309 0.6528
vn -0.6056 -0.1021 0.7892
vn -0.6019 0.5013 0.6216
vn -0.5163 -0.6914 0.5053
vn -0.5441 0.6527 0.5272
vn -0.4663 -0.7022 0.5381
vn -0.4085 0.6703 0.6196
vn -0.6486 -0.2582 0.7160
vn -0.5741 -0.3869 0.7216
vn -0.5932 0.2672 0.7594
vn -0.5246 -0.5566 0.6442
vn -0.4544 0.5480 0.7023
vn -0.3757 -0.7480 0.5472
vn -0.5949 -0.2157 0.7743
vn -0.5432 0.3762 0.7506
vn -0.4987 -0.3869 0.7756
vn -0.4517 -0.5258 0.7207
vn -0.4285 0.6268 0.6508
vn -0.4411 0.3463 0.8279
vn -0.4631 0.4201 0.7804
vn -0.3596 -0.6646 0.6550
vn -0.5456 0.0251 0.8377
vn -0.3356 -0.6833 0.6485
vn -0.5054 0.5041 0.7003
vn -0.4049 0.1240 0.9059
vn -0.3712 -0.7502 0.5471
vn -0.3648 -0.2382 0.9001
vn -0.4299 -0.4441 0.7861
vn -0.4499 0.5773 0.6814
vn -0.3249 -0.6630 0.6744
vn -0.3663 -0.6708 0.6448
vn -0.4027 0.5563 0.7269
vn -0.3192 0.5346 0.7825
vn -0.4220 0.4753 0.7720
vn -0.3550 -0.6619 0.6602
vn -0.3346 0.4437 0.8314
vn -0.4497 -0.1954 0.8715
vn -0.4471 -0.5783 0.6824
vn -0.4587 0.1214 0.8803
vn -0.3998 -0.6435 0.6527
vn -0.4262 0.3742 0.8237
vn -0.2265 0.7295 0.6454
vn -0.2721 -0.7785 0.5656
vn -0.2265 0.4619 0.8575
vn -0.4214 -0.2235 0.8789
vn -0.3958 -0.6690 0.6291
vn -0.4633 -0.6073 0.6454
vn -0.3894 0.4860 0.7824
vn -0.2805 -0.4720 0.8358
vn -0.2343 0.0691 0.9697
vn -0.3282 -0.7313 0.5979
vn -0.2512 -0.6998 0.6687
vn -0.4867 -0.6849 0.5422
vn -0.3458 0.5911 0.7287
vn -0.2454 0.2172 0.9448
vn -0.2837 -0.3930 0.8747
vn -0.3795 -0.7340 0.5632
vn -0.2294 0.5499 0.8031
vn -0.3031 0.4554 0.8371
vn -0.2466 0.5068 0.8260
vn -0.2459 -0.5559 0.7940
vn -0.2449 -0.6163 0.7484
vn -0.1942 0.1200 0.9736
vn -0.0477 -0.1411 0.9888
vn -0.1485 -0.4193 0.8956
vn -0.0806 -0.8009 0.5934
vn -0.2049 0.5933 0.7785
vn -0.1563 -0.8475 0.5073
vn -0.0671 -0.0337 0.9972
vn -0.0924 -0.5176 0.8506
vn -0.0339 -0.2194 0.9751
vn 0.0239 -0.3387 0.9406
vn -0.1574 0.4693 0.8689
vn -0.1223 -0.6833 0.7198
vn -0.2125 0.5633 0.7985
vn 0.0213 -0.6571 0.7535
vn -0.0679 0.7164 0.6943
vn 0.0203 -0.4061 0.9136
vn 0.1875 -0.5135 0.8374
vn -0.0698 0.5439 0.8363
vn -0.1252 0.5512 0.8250
vn -0.1777 0.0840 0.9805
vn -0.0041 -0.0625 0.9980
vn 0.0101 -0.2662 0.9639
vn -0.0420 0.6133 0.7887
vn 0.0039 0.0250 0.9997
vn 0.0050 -0.5895 0.8077
vn -0.0817 0.4795 0.8737
vn 0.0109 0.6352 0.7723
vn 0.0428 -0.4638 0.8849
vn 0.0200 -0.6761 0.7365
vn -0.0989 0.6150 0.7823
vn -0.0723 -0.1063 0.9917
vn 0.1348 -0.5150 0.8465
vn 0.0651 -0.5924 0.8030
vn 0.0217 0.6680 0.7439
vn 0.3090 -0.6563 0.6884
vn 0.1373 0.6600 0.7386
vn 0.0148 0.5248 0.8511
vn 0.1152 0.3683 0.9226
vn 0.1137 -0.4918 0.8633
vn 0.2822 -0.7191 0.6350
vn -0.0058 -0.2166 0.9762
vn 0.1977 -0.6141 0.7641
vn 0.3739 -0.5898 0.7157
vn 0.0776 0.6454 0.7599
vn 0.0617 -0.4854 0.8721
vn 0.1900 0.5228 0.8310
vn 0.0537 -0.4063 0.9122
vn 0.2046 0.4901 0.8473
vn 0.1242 0.5827 0.8032
vn 0.2182 0.5673 0.7941
vn 0.0455 -0.6128 0.7889
vn -0.0603 -0.3062 0.9501
vn -0.0853 -0.1352 0.9871
vn 0.1606 -0.7238 0.6710
vn 0.1316 0.2373 0.9625
vn 0.0526 -0.5483 0.8346
vn 0.1635 -0.6695 0.7246
vn 0.1419 -0.7716 0.6201
vn 0.2349 0.6340 0.7368
vn 0.1326 -0.1129 0.9847
vn 0.1679 -0.5120 0.8424
vn 0.2100 -0.6781 0.7044
vn 0.2470 0.4814 0.8410
vn 0.2573 0.4666 0.8462
vn 0.1565 -0.3734 0.9144
vn 0.2514 -0.6534 0.7141
vn 0.2359 -0.6297 0.7401
vn 0.2778 -0.5176 0.8093
vn 0.2225 0.5918 0.7748
vn 0.1533 0.6341 0.7579
vn 0.2871 -0.6122 0.7368
vn 0.2461 0.5700 0.7839
vn 0.2322 0.4683 0.8525
vn 0.3202 -0.4335 0.8424
vn 0.3029 -0.6783 0.6695
vn 0.2407 -0.6728 0.6996
vn 0.2905 -0.6629 0.6900
vn 0.3148 0.6804 0.6618
vn 0.2485 0.5116 0.8225
vn 0.4928 0.1565 0.8560
vn 0.5016 -0.2047 0.8405
vn 0.3472 0.5629 0.7501
vn 0.3639 0.3189 0.8752
vn 0.3046 -0.6253 0.7185
vn 0.4387 0.5425 0.7164
vn 0.6330 0.1605 0.7573
vn 0.2786 -0.6956 0.6622
vn 0.4471 0.4545 0.7704
vn 0.4189 -0.5006 0.7576
vn 0.4635 0.5937 0.6578
vn 0.4915 0.4972 0.7150
vn 0.5522 -0.5169 0.6541
vn 0.7254 -0.0503 0.6865
vn 0.6324 -0.3883 0.6703
vn 0.4094 -0.6738 0.6152
vn 0.3694 -0.7295 0.5756
vn 0.5650 0.6104 0.5552
vn 0.6245 0.0566 0.7790
vn 0.4918 -0.5711 0.6573
vn 0.6032 0.4866 0.6320
vn 0.6557 0.3033 0.6915
vn 0.6949 0.1259 0.7080
vn 0.7519 -0.2423 0.6132
vn -0.5575 0.4347 -0.7073
vn -0.5108 0.4968 -0.7016
vn -0.6886 0.5247 -0.5006
vn -0.7882 -0.1898 -0.5854
vn -0.4617 -0.6738 -0.5769
vn -0.4257 -0.6846 -0.5917
vn -0.6545 -0.4849 -0.5801
vn -0.5482 -0.6315 -0.5483
vn -0.4260 0.6461 -0.6333
vn -0.8263 0.3311 -0.4556
vn -0.5424 -0.6628 -0.5163
vn -0.5894 0.4777 -0.6515
vn -0.7724 0.3197 -0.5488
vn -0.7773 0.0160 -0.6290
vn -0.4784 -0.6649 -0.5736
vn -0.7293 -0.3149 -0.6074
vn -0.6042 -0.6079 -0.5152
vn -0.6496 0.6265 -0.4307
vn -0.7369 0.0055 -0.6760
vn -0.6319 0.6132 -0.4740
vn -0.5975 -0.6201 -0.5084
vn -0.5364 -0.6335 -0.5576
vn -0.7675 0.2529 -0.5890
vn -0.6377 -0.5715 -0.5165
vn -0.6472 0.6576 -0.3856
vn -0.7694 0.3378 -0.5421
vn -0.6432 0.4912 -0.5873
vn -0.7338 0.5292 -0.4260
vn -0.6111 -0.6477 -0.4551
vn -0.5513 -0.7230 -0.4163
vn -0.7877 -0.0386 -0.6149
vn -0.7556 0.5279 -0.3879
vn -0.5851 -0.6749 -0.4496
vn -0.7300 0.5822 -0.3580
vn -0.7135 0.3559 -0.6036
vn -0.7146 -0.6777 -0.1733
vn -0.6103 -0.6413 -0.4650
vn -0.7475 0.5785 -0.3264
vn -0.6950 0.6203 -0.3636
vn -0.8365 0.1052 -0.5378
vn -0.5709 -0.6363 -0.5187
vn -0.6328 -0.6620 -0.4016
vn -0.6802 0.6738 -0.2888
vn -0.5324 -0.7445 -0.4028
vn -0.7401 -0.3423 -0.5789
vn -0.6334 -0.6180 -0.4658
vn -0.7092 0.6361 -0.3038
vn -0.5805 -0.6299 -0.5161
vn -0.5507 -0.6614 -0.5091
vn -0.6200 0.6975 -0.3593
vn -0.4615 -0.8031 -0.3769
vn -0.4630 -0.7688 -0.4411
vn -0.7188 0.6415 -0.2679
vn -0.7761 0.5101 -0.3708
vn -0.8473 0.4325 -0.3081
vn -0.8447 -0.3235 -0.4265
vn -0.6184 -0.6813 -0.3917
vn -0.8451 0.0611 -0.5311
vn -0.7096 0.6249 -0.3254
vn -0.7131 -0.5839 -0.3879
vn -0.7097 0.6271 -0.3211
vn -0.5723 -0.7522 -0.3266
vn -0.7747 0.4647 -0.4288
vn -0.7707 -0.6116 -0.1790
vn -0.8652 -0.4672 -0.1819
vn -0.9467 -0.1390 -0.2905
vn -0.9064 -0.3747 -0.1949
vn -0.6397 -0.7183 -0.2735
vn -0.7174 0.6216 -0.3145
vn -0.6717 0.6477 -0.3595
vn -0.7128 0.6389 -0.2895
vn -0.8063 0.5353 -0.2516
vn -0.9150 0.2107 -0.3441
vn -0.8959 -0.4036 -0.1858
vn -0.7424 -0.6603 -0.1131
vn -0.6549 0.6702 -0.3493
vn -0.8316 0.4635 -0.3059
vn -0.8709 0.4032 -0.2808
vn -0.7493 -0.6543 -0.1020
vn -0.7149 -0.6761 -0.1783
vn -0.7886 -0.6129 -0.0489
vn -0.6022 -0.7603 -0.2434
vn -0.9859 -0.0901 -0.1407
vn -0.7557 -0.6518 -0.0639
vn -0.8769 0.4341 -0.2063
vn -0.7418 0.6705 0.0145
vn -0.9631 0.2692 -0.0061
vn -0.8574 -0.5107 -0.0639
vn -0.7416 0.6458 -0.1816
vn -0.7545 -0.6561 0.0135
vn -0.6052 -0.7918 -0.0827
vn -0.7152 0.6981 -0.0332
vn -0.7661 -0.6427 -0.0040
vn -0.8200 -0.5702 -0.0501
vn -0.9916 0.1217 -0.0437
vn -0.8367 0.5375 0.1053
vn -0.9222 -0.3850 -0.0360
vn -0.8050 -0.5925 0.0300
vn -0.9081 0.4187 -0.0035
vn -0.9227 0.3856 -0.0062
vn -0.6973 -0.7136 0.0668
vn -0.7609 0.6392 0.1114
vn -0.6904 0.7096 0.1410
vn -0.6039 -0.7866 0.1291
vn -0.7942 -0.6056 0.0499
vn -0.8427 0.5383 0.0091
vn -0.7843 -0.6139 0.0896
vn -0.8350 -0.5502 -0.0108
vn -0.7758 -0.6307 0.0202
vn -0.8727 0.4864 0.0424
vn -0.9902 -0.1327 -0.0428
vn -0.6383 -0.7517 0.1659
vn -0.9382 0.3461 0.0099
vn -0.7814 0.6117 0.1233
vn -0.7269 -0.6866 0.0142
vn -0.9271 0.3619 0.0976
vn -0.8447 -0.5326 0.0529
vn -0.7834 0.6085 0.1263
vn -0.7652 0.6393 0.0761
vn -0.8067 0.5766 0.1291
vn -0.9827 -0.1412 0.1197
vn -0.7470 -0.6576 0.0979
vn -0.8107 0.5829 0.0547
vn -0.7665 -0.6383 0.0705
vn -0.8261 0.5223 0.2117
vn -0.6959 -0.6933 0.1870
vn -0.7525 -0.6459 0.1286
vn -0.8463 0.5070 0.1634
vn -0.7883 -0.6059 0.1073
vn -0.6748 -0.7227 0.1493
vn -0.9511 0.1282 0.2811
vn -0.7730 0.5676 0.2833
vn -0.7560 0.5532 0.3500
vn -0.8893 0.4155 0.1911
vn -0.8778 -0.3855 0.2844
vn -0.7009 0.6364 0.3219
vn -0.7713 0.6113 0.1774
vn -0.7748 -0.5612 0.2910
vn -0.6663 -0.7157 0.2092
vn -0.7120 0.6019 0.3617
vn -0.6963 -0.6863 0.2102
vn -0.6160 -0.7437 0.2597
vn -0.8674 -0.1416 0.4770
vn -0.6200 -0.7186 0.3149
vn -0.6818 0.6192 0.3896
vn -0.7713 0.2848 0.5691
vn -0.6667 0.5624 0.4891
vn -0.5762 -0.7040 0.4152
vn -0.7991 -0.1270 0.5876
vn -0.8080 -0.4188 0.4145
vn -0.7879 -0.4124 0.4574
vn -0.7398 -0.4989 0.4516
vn -0.5443 0.6139 0.5717
vn -0.6593 -0.6315 0.4081
vn -0.5390 0.6285 0.5607
vn -0.7074 0.4492 0.5457
vn -0.6634 0.4926 0.5632
vn -0.5308 -0.6232 0.5743
vn -0.6011 0.4805 0.6386
vn -0.5519 -0.7262 0.4100
vn -0.7523 -0.4387 0.4915
vn -0.5847 -0.6106 0.5341
vn -0.6069 -0.2404 0.7575
vn -0.5631 0.5582 0.6093
vn -0.4595 -0.6125 0.6431
vn -0.5326 -0.6608 0.5288
vn 0.4903 0.7443 -0.4534
vn 0.5592 0.3690 -0.7424
vn 0.6299 -0.4999 -0.5944
vn 0.5906 -0.5766 -0.5646
vn 0.6430 -0.5727 -0.5084
vn 0.5808 0.1639 -0.7973
vn 0.5949 -0.4988 -0.6303
vn 0.5982 -0.2131 -0.7725
vn 0.5081 0.6440 -0.5720
vn 0.6202 0.4183 -0.6637
vn 0.6029 -0.5543 -0.5738
vn 0.6247 -0.4367 -0.6474
vn 0.5809 -0.4985 -0.6435
vn 0.4224 0.7262 -0.5424
vn 0.6480 0.2618 -0.7153
vn 0.4461 -0.6685 -0.5951
vn 0.4517 -0.3711 -0.8114
vn 0.5011 -0.5167 -0.6942
vn 0.5570 0.5087 -0.6564
vn 0.4666 -0.4781 -0.7441
vn 0.4512 -0.5170 -0.7274
vn 0.4949 -0.5508 -0.6721
vn 0.6117 0.1373 -0.7791
vn 0.3962 0.6061 -0.6897
vn 0.5629 -0.0908 -0.8215
vn 0.4981 -0.3039 -0.8121
vn 0.4974 -0.3679 -0.7856
vn 0.6344 0.2803 -0.7204
vn 0.4143 -0.5367 -0.7351
vn 0.4780 0.7865 -0.3910
vn 0.3805 0.7506 -0.5402
vn 0.3184 -0.5195 -0.7929
vn 0.3460 -0.6063 -0.7160
vn 0.3235 0.6739 -0.6642
vn 0.3956 -0.4938 -0.7744
vn 0.3888 -0.5503 -0.7389
vn 0.5220 -0.3543 -0.7758
vn 0.3532 -0.6421 -0.6804
vn 0.4726 0.4210 -0.7742
vn 0.4709 -0.3764 -0.7979
vn 0.4757 0.7111 -0.5178
vn 0.5143 0.1734 -0.8399
vn 0.3299 0.4344 -0.8381
vn 0.5263 -0.2719 -0.8057
vn 0.4501 -0.5658 -0.6908
vn 0.3581 0.0211 -0.9334
vn 0.3095 0.6167 -0.7238
vn 0.3499 -0.6149 -0.7067
vn 0.3206 -0.5279 -0.7865
vn 0.1563 0.7198 -0.6764
vn 0.5536 0.1967 -0.8093
vn 0.2060 0.7714 -0.6021
vn 0.2753 0.5656 -0.7774
vn 0.3034 -0.5109 -0.8043
vn 0.4636 -0.4643 -0.7546
vn 0.3073 -0.7250 -0.6163
vn 0.3540 -0.3587 -0.8637
vn 0.2281 -0.6005 -0.7664
vn 0.1994 -0.4483 -0.8713
vn 0.1781 0.3308 -0.9268
vn 0.2026 0.5011 -0.8413
vn 0.2317 -0.4591 -0.8576
vn 0.1760 -0.5333 -0.8274
vn 0.2431 -0.3403 -0.9083
vn 0.2287 0.6949 -0.6818
vn 0.1546 0.6192 -0.7698
vn 0.1913 -0.5048 -0.8417
vn 0.2135 0.1316 -0.9680
vn 0.2168 -0.5007 -0.8381
vn 0.2188 0.5622 -0.7975
vn 0.2787 0.4531 -0.8468
vn 0.1716 -0.7084 -0.6847
vn 0.2305 -0.6579 -0.7170
vn 0.2121 0.6166 -0.7582
vn 0.2290 -0.4528 -0.8617
vn 0.1188 -0.5297 -0.8398
vn 0.2020 -0.6076 -0.7681
vn 0.1853 -0.6674 -0.7213
vn 0.2435 -0.0493 -0.9686
vn 0.1800 0.6600 -0.7294
vn 0.2504 0.7493 -0.6131
vn 0.1461 -0.3721 -0.9166
vn 0.2130 -0.5141 -0.8309
vn 0.3135 0.5113 -0.8002
vn 0.2255 -0.5254 -0.8204
vn 0.2729 0.6496 -0.7096
vn 0.2711 0.5846 -0.7647
vn 0.2074 0.1991 -0.9578
vn 0.1129 -0.1677 -0.9794
vn 0.1192 -0.6259 -0.7707
vn 0.2250 0.6345 -0.7394
vn 0.1518 -0.4146 -0.8972
vn 0.1387 0.7116 -0.6888
vn 0.2113 -0.6005 -0.7712
vn 0.2100 0.5235 -0.8257
vn 0.1042 0.0599 -0.9928
vn 0.0412 0.4804 -0.8761
vn 0.1480 -0.2313 -0.9616
vn 0.1070 -0.6204 -0.7770
vn 0.1691 0.0127 -0.9855
vn -0.0029 -0.6768 -0.7362
vn 0.1433 -0.3724 -0.9169
vn 0.0040 -0.6831 -0.7303
vn -0.0166 0.5921 -0.8057
vn -0.0442 0.3070 -0.9507
vn 0.0747 -0.5305 -0.8444
vn -0.0548 0.5208 -0.8519
vn -0.0399 0.7061 -0.7070
vn -0.1236 -0.6100 -0.7827
vn -0.0751 -0.6976 -0.7126
vn -0.1650 -0.7243 -0.6694
vn 0.0390 0.2080 -0.9774
vn -0.1739 0.5856 -0.7917
vn -0.1886 0.0651 -0.9799
vn -0.0928 -0.5367 -0.8386
vn -0.3453 0.6767 -0.6503
vn -0.1771 -0.3161 -0.9320
vn -0.2544 0.5331 -0.8069
vn -0.0993 -0.5153 -0.8513
vn -0.1755 0.5775 -0.7973
vn -0.1984 0.7228 -0.6620
vn -0.2196 0.4636 -0.8584
vn -0.1484 -0.5603 -0.8149
vn -0.2676 -0.6811 -0.6815
vn -0.2274 -0.7178 -0.6581
vn -0.2590 -0.7111 -0.6537
vn -0.3690 0.5550 -0.7455
vn -0.4366 0.6332 -0.6391
vn -0.2787 0.2749 -0.9202
vn -0.2567 -0.5527 -0.7929
vn -0.4171 0.6107 -0.6731
vn -0.3093 -0.6892 -0.6552
vn -0.4311 -0.0067 -0.9023
vn -0.4451 0.6052 -0.6600
vn -0.3341 -0.7225 -0.6052
vn -0.3229 0.5652 -0.7591
vn -0.4351 0.6600 -0.6124
vn -0.3439 0.4833 -0.8051
vn -0.2859 0.0677 -0.9559
vn -0.4684 0.5463 -0.6944
vn -0.4291 0.6848 -0.5890
vn -0.2980 -0.4778 -0.8264
vn -0.2904 -0.2794 -0.9152
vn -0.3039 -0.8052 -0.5092
vn -0.4814 -0.6509 -0.5869
vn -0.4336 -0.6846 -0.5860
vn -0.2324 -0.7964 -0.5583
vn -0.3652 -0.6008 -0.7111
vn -0.4493 -0.6592 -0.6030
vn -0.5276 0.5545 -0.6435
vn -0.2515 0.1720 -0.9525
vn -0.3429 -0.5849 -0.7351
vn -0.5297 0.5998 -0.5998
vn -0.5184 0.5080 -0.6879
vn -0.5078 0.6650 -0.5477
vn -0.6125 0.0353 -0.7897
vn -0.5233 -0.4868 -0.6994
vn -0.4241 -0.6576 -0.6227
vn -0.5313 0.6625 -0.5279
vn -0.6296 -0.4412 -0.6395
vn -0.4337 -0.5570 -0.7083
vn -0.5794 0.5545 -0.5973
vn -0.4804 -0.6766 -0.5581
vn -0.7331 -0.2619 -0.6276
vn -0.8073 0.0520 -0.5879
vn 0.5693 0.6415 0.5142
vn 0.7554 0.2721 0.5961
vn 0.6817 -0.3963 0.6151
vn 0.7870 0.0769 0.6121
vn 0.6673 0.4722 0.5759
vn 0.6844 0.4814 0.5476
vn 0.6859 0.4538 0.5689
vn 0.8056 0.2527 0.5358
vn 0.8309 -0.0966 0.5480
vn 0.8147 -0.2300 0.5322
vn 0.6088 -0.6392 0.4698
vn 0.6188 -0.5324 0.5776
vn 0.5929 0.6195 0.5145
vn 0.7485 0.4300 0.5048
vn 0.7553 -0.3956 0.5225
vn 0.7349 -0.5063 0.4512
vn 0.7353 0.4536 0.5035
vn 0.8282 0.0651 0.5566
vn 0.4861 -0.7783 0.3974
vn 0.6839 0.5586 0.4692
vn 0.7900 0.3908 0.4723
vn 0.7320 0.4742 0.4892
vn 0.8933 -0.2471 0.3754
vn 0.8402 -0.3237 0.4350
vn 0.7002 0.5406 0.4662
vn 0.8421 0.1399 0.5208
vn 0.7508 0.4536 0.4802
vn 0.8099 0.0643 0.5831
vn 0.5299 -0.7455 0.4044
vn 0.8008 -0.3031 0.5167
vn 0.6563 -0.6405 0.3987
vn 0.6526 0.6560 0.3793
vn 0.7574 0.3869 0.5260
vn 0.7642 -0.5072 0.3984
vn 0.7719 0.2997 0.5606
vn 0.7734 -0.3975 0.4938
vn 0.8307 -0.2270 0.5082
vn 0.7526 -0.4672 0.4640
vn 0.8073 -0.4303 0.4038
vn 0.7500 0.4787 0.4565
vn 0.8232 0.3797 0.4220
vn 0.7958 -0.4025 0.4523
vn 0.7580 -0.5828 0.2928
vn 0.7336 -0.6231 0.2713
vn 0.7071 0.5728 0.4145
vn 0.7998 0.2076 0.5633
vn 0.7005 0.6110 0.3688
vn 0.8315 -0.3311 0.4461
vn 0.7841 -0.6189 0.0452
vn 0.7544 -0.6337 0.1711
vn 0.9172 0.0099 0.3983
vn 0.6911 0.7014 0.1741
vn 0.8209 -0.4172 0.3900
vn 0.8141 -0.5756 0.0771
vn 0.7520 0.6105 0.2485
vn 0.7723 0.5592 0.3014
vn 0.8446 0.4040 0.3515
vn 0.6326 -0.7710 0.0732
vn 0.9339 -0.2267 0.2765
vn 0.8485 -0.5253 0.0639
vn 0.7265 -0.6354 0.2617
vn 0.9285 0.2717 0.2532
vn 0.8067 0.5721 0.1481
vn 0.8879 -0.3615 0.2846
vn 0.7548 -0.6466 0.1103
vn 0.7978 -0.5839 0.1500
vn 0.9786 -0.0274 0.2041
vn 0.8068 -0.5908 0.0053
vn 0.9521 0.2380 0.1919
vn 0.9716 -0.1801 0.1532
vn 0.9282 -0.3484 0.1303
vn 0.8303 -0.5513 0.0814
vn 0.7594 0.6506 -0.0076
vn 0.8147 -0.5783 0.0420
vn 0.6953 0.7187 -0.0066
vn 0.8201 0.5722 -0.0057
vn 0.8771 -0.4750 0.0710
vn 0.6945 -0.7183 0.0422
vn 0.9908 0.0832 0.1070
vn 0.9385 -0.3382 0.0692
vn 0.7973 0.5946 -0.1040
vn 0.6897 0.7241 0.0036
vn 0.7264 -0.6846 0.0595
vn 0.7947 -0.6056 0.0412
vn 0.5968 -0.7858 0.1624
vn 0.7043 -0.7056 0.0782
vn 0.9484 -0.2616 0.1793
vn 0.8962 -0.4428 -0.0263
vn 0.9199 0.3836 -0.0816
vn 0.6570 0.7517 -0.0573
vn 0.8371 -0.5449 -0.0488
vn 0.6760 0.7239 -0.1375
vn 0.9446 -0.3165 -0.0875
vn 0.8934 -0.4493 -0.0028
vn 0.8030 0.4992 -0.3255
vn 0.9153 -0.3835 -0.1230
vn 0.7363 0.6499 -0.1884
vn 0.7546 -0.6529 -0.0652
vn 0.6995 0.6609 -0.2721
vn 0.9449 0.2270 -0.2359
vn 0.8664 -0.4985 -0.0304
vn 0.7694 -0.5879 -0.2498
vn 0.7827 0.5852 -0.2118
vn 0.7755 -0.5893 -0.2267
vn 0.7389 0.6411 -0.2073
vn 0.8202 0.5071 -0.2648
vn 0.6717 -0.7395 -0.0447
vn 0.7475 0.6206 -0.2368
vn 0.7640 0.5002 -0.4076
vn 0.8397 -0.2934 -0.4569
vn 0.8324 -0.5021 -0.2344
vn 0.7650 -0.6431 0.0328
vn 0.9044 -0.4256 -0.0319
vn 0.8450 0.2848 -0.4527
vn 0.7967 -0.4908 -0.3525
vn 0.8297 -0.4509 -0.3291
vn 0.6103 0.7244 -0.3205
vn 0.6898 0.6481 -0.3228
vn 0.7716 -0.6195 -0.1445
vn 0.7572 0.5967 -0.2655
vn 0.6581 -0.7303 -0.1834
vn 0.6361 -0.7369 -0.2289
vn 0.8897 0.3393 -0.3053
vn 0.7744 -0.4694 -0.4242
vn 0.7802 -0.4772 -0.4045
vn 0.7231 0.5823 -0.3714
vn 0.8277 -0.2942 -0.4778
vn 0.5642 0.7556 -0.3328
vn 0.7650 -0.3374 -0.5485
vn 0.7766 0.4281 -0.4621
vn 0.8864 0.3029 -0.3501
vn 0.6844 0.5917 -0.4261
vn 0.6952 0.5446 -0.4692
vn 0.8696 0.1237 -0.4780
vn 0.6421 -0.5219 -0.5615
vn 0.5514 -0.6958 -0.4603
vn 0.6923 0.5633 -0.4510
vn 0.7749 -0.2582 -0.5769
vn 0.6337 0.6673 -0.3914
vn 0.7329 -0.4772 -0.4849
vn 0.6423 -0.2945 -0.7076
vn 0.6396 0.6574 -0.3984
vn 0.7363 0.3707 -0.5661
vn 0.6503 0.6010 -0.4646
vn 0.5810 -0.4113 -0.7023
vn 0.7370 0.0560 -0.6735
vn 0.4805 -0.4618 -0.7455
vn 0.7112 0.5048 -0.4893
vn 0.6138 0.4325 -0.6604
vn 0.5412 -0.6226 -0.5653
vn -0.5809 -0.8068 0.1074
vn -0.6031 -0.7812 0.1614
vn -0.4553 -0.8690 -0.1938
vn -0.4756 -0.7705 0.4244
vn -0.4370 -0.8961 -0.0781
vn -0.5874 -0.7638 0.2676
vn -0.5776 -0.7404 -0.3438
vn -0.8395 -0.3119 -0.4449
vn -0.5476 -0.7782 -0.3076
vn 0.0597 -0.9715 -0.2296
vn -0.5162 -0.7600 0.3948
vn -0.5332 -0.8397 0.1028
vn -0.5148 -0.8290 -0.2184
vn -0.5963 -0.7546 -0.2740
vn -0.5164 -0.8531 -0.0748
vn -0.5889 -0.7788 0.2162
vn -0.1082 -0.5275 -0.8426
vn -0.3239 -0.3560 -0.8765
vn -0.5388 -0.8160 0.2094
vn -0.4909 -0.8578 -0.1525
vn -0.5177 -0.7474 -0.4164
vn -0.4688 -0.8416 0.2682
vn -0.3703 -0.6879 -0.6242
vn 0.0915 -0.8663 -0.4911
vn -0.4373 -0.7879 0.4335
vn -0.4129 -0.8892 0.1972
vn -0.4860 -0.8218 -0.2974
vn -0.3183 -0.8874 -0.3335
vn -0.2788 -0.7889 -0.5477
vn -0.5076 -0.8604 -0.0465
vn -0.3423 -0.9156 -0.2109
vn -0.3529 -0.8142 0.4610
vn -0.6116 -0.7837 -0.1083
vn -0.2551 -0.8948 -0.3665
vn -0.2244 -0.8192 0.5277
vn -0.4184 -0.9035 0.0935
vn -0.3508 -0.9267 0.1349
vn -0.3173 -0.8937 0.3173
vn -0.3100 -0.8659 -0.3925
vn -0.4012 -0.8949 -0.1952
vn -0.2885 -0.8375 -0.4641
vn -0.2219 -0.7727 -0.5948
vn -0.1063 -0.7354 -0.6692
vn -0.3728 -0.8510 -0.3698
vn -0.0757 -0.7890 -0.6098
vn -0.4380 -0.8890 0.1334
vn -0.2267 -0.8100 -0.5408
vn -0.3533 -0.8720 -0.3389
vn -0.2346 -0.8679 0.4379
vn -0.3541 -0.9340 -0.0479
vn -0.0016 -0.7876 -0.6161
vn -0.2910 -0.9083 0.3005
vn -0.1895 -0.8447 0.5007
vn -0.3372 -0.8969 0.2861
vn -0.1342 -0.9654 -0.2235
vn -0.2418 -0.9245 0.2945
vn -0.1278 -0.9171 0.3776
vn -0.0199 -0.9247 -0.3801
vn -0.1034 -0.8887 -0.4468
vn -0.2618 -0.9633 0.0594
vn -0.0387 -0.7864 -0.6165
vn -0.0278 -0.8339 0.5513
vn -0.2209 -0.9087 0.3543
vn 0.0078 -0.9939 -0.1097
vn -0.0832 -0.9317 -0.3535
vn -0.1654 -0.8065 0.5676
vn -0.0339 -0.9122 0.4083
vn 0.1235 -0.8129 -0.5691
vn 0.1161 -0.8207 -0.5595
vn 0.1208 -0.9388 -0.3227
vn 0.0923 -0.7599 0.6435
vn 0.1091 -0.9279 -0.3565
vn 0.0974 -0.8941 0.4372
vn 0.1275 -0.9181 -0.3753
vn 0.1111 -0.8798 0.4622
vn 0.1662 -0.8162 -0.5533
vn 0.2128 -0.7364 0.6422
vn 0.1019 -0.9734 0.2053
vn 0.1312 -0.8619 -0.4898
vn 0.1078 -0.8730 0.4758
vn 0.1999 -0.8933 -0.4025
vn 0.1950 -0.8196 -0.5387
vn 0.1212 -0.8466 0.5183
vn 0.1949 -0.7654 -0.6134
vn 0.2645 -0.7497 0.6067
vn 0.2674 -0.8484 0.4569
vn 0.1920 -0.9281 -0.3191
vn 0.3018 -0.9495 -0.0853
vn 0.1768 -0.8687 0.4627
vn 0.3630 -0.9309 0.0417
vn 0.1407 -0.8028 -0.5793
vn 0.3714 -0.8588 0.3530
vn 0.2868 -0.8185 0.4978
vn 0.2260 -0.9262 -0.3018
vn 0.1731 -0.8083 -0.5628
vn 0.2537 -0.7446 0.6174
vn 0.3049 -0.7145 0.6297
vn 0.2619 -0.8670 0.4239
vn 0.2945 -0.9412 -0.1658
vn 0.1475 -0.8349 -0.5303
vn 0.2044 -0.6754 0.7086
vn 0.3455 -0.9110 0.2253
vn 0.4149 -0.9096 -0.0199
vn 0.2803 -0.8396 0.4653
vn 0.4969 -0.8676 -0.0195
vn 0.2751 -0.7177 -0.6398
vn 0.3113 -0.8355 0.4527
vn 0.3997 -0.8656 0.3017
vn 0.2124 -0.8324 0.5118
vn 0.3420 -0.8309 0.4389
vn 0.3941 -0.8783 -0.2708
vn 0.2912 -0.7994 -0.5255
vn 0.3629 -0.8432 -0.3966
vn 0.2217 -0.8114 0.5409
vn 0.1972 -0.8363 0.5117
vn 0.4985 -0.8606 -0.1045
vn 0.3949 -0.8925 0.2179
vn 0.4497 -0.8817 0.1425
vn 0.4853 -0.8264 0.2855
vn 0.3568 -0.7086 -0.6088
vn 0.5114 -0.8081 -0.2922
vn 0.2704 -0.7414 0.6141
vn 0.2639 -0.7797 0.5678
vn 0.5908 -0.8017 0.0906
vn 0.4265 -0.7537 -0.5001
vn 0.6023 -0.7683 -0.2169
vn 0.3857 -0.6959 -0.6058
vn 0.4361 -0.8033 0.4057
vn 0.4647 -0.8044 0.3702
vn 0.5940 -0.7919 -0.1420
vn 0.4171 -0.7931 0.4439
vn 0.6427 -0.7661 -0.0100
vn 0.2638 -0.7666 0.5854
vn 0.5306 -0.6729 -0.5154
vn 0.3361 -0.7625 0.5529
vn 0.6957 -0.7110 0.1027
vn 0.5939 -0.6708 -0.4443
vn 0.5318 -0.7969 0.2866
vn 0.6410 -0.7620 0.0922
vn 0.5041 -0.7874 0.3548
vn 0.6351 -0.7555 -0.1607
vn 0.5988 -0.7395 0.3074
vt 0.029487 0.872902
vt 0.077980 0.868527
vt 0.053023 0.903604
vt 0.106833 0.844559
vt 0.150979 0.849827
vt 0.161318 0.880636
vt 0.209328 0.752746
vt 0.232962 0.753785
vt 0.189980 0.765978
vt 0.163769 0.794673
vt 0.209253 0.844125
vt 0.222950 0.770427
vt 1.000870 0.879129
vt 0.994920 0.928860
vt 0.956858 0.880589
vt 0.205543 0.790817
vt 0.243074 0.739988
vt 0.232307 0.718222
vt 0.894911 0.806852
vt 0.899673 0.847228
vt 0.856083 0.832109
vt 0.115302 0.926292
vt 0.875680 0.813818
vt 0.939682 0.864971
vt 0.896591 0.878285
vt 0.874917 0.909373
vt 1.005543 0.913399
vt 0.186644 0.800678
vt 0.851906 0.855431
vt 0.916173 0.936245
vt 0.239508 0.815630
vt 0.257053 0.731842
vt 0.016014 0.929904
vt 0.216759 0.876157
vt 0.255971 0.797877
vt 0.230136 0.897358
vt 0.052183 0.975077
vt 0.242313 0.861971
vt 0.834133 0.789823
vt 0.818771 0.823976
vt 0.272486 0.740367
vt 0.954400 0.972393
vt 0.822469 0.875432
vt 0.269707 0.808414
vt 0.818085 0.857739
vt 0.277134 0.960439
vt 0.282055 0.761260
vt 0.834935 0.922257
vt 0.263685 0.686280
vt 0.280271 0.714298
vt 0.304049 0.833501
vt 0.743422 0.967807
vt 0.805462 0.891119
vt 0.322959 0.885805
vt 0.780349 0.836017
vt 0.771857 0.921830
vt 0.512774 0.981597
vt 0.312876 0.934425
vt 0.310991 0.859969
vt 0.786788 0.870285
vt 0.300239 0.803501
vt 0.791922 0.818892
vt 0.310503 0.754357
vt 0.300234 0.704512
vt 0.435615 0.945869
vt 0.569932 0.935747
vt 0.696855 0.928598
vt 0.369687 0.905150
vt 0.736742 0.883252
vt 0.340932 0.788917
vt 0.768183 0.794774
vt 0.754340 0.832308
vt 0.354386 0.838153
vt 0.313666 0.723843
vt 0.385657 0.865539
vt 0.695396 0.906921
vt 0.622928 0.916082
vt 0.441142 0.909716
vt 0.342864 0.771067
vt 0.715474 0.837805
vt 0.682003 0.881346
vt 0.735966 0.799525
vt 0.328772 0.667477
vt 0.374241 0.802512
vt 0.332851 0.744799
vt 0.460679 0.890414
vt 0.336807 0.714024
vt 0.544190 0.888917
vt 0.398876 0.823246
vt 0.425327 0.851343
vt 0.450052 0.862419
vt 0.391458 0.763387
vt 0.694986 0.813747
vt 0.596210 0.884383
vt 0.663580 0.855009
vt 0.369567 0.723066
vt 0.507271 0.866736
vt 0.598779 0.853743
vt 0.350135 0.661425
vt 0.545400 0.858308
vt 0.433625 0.803570
vt 0.388903 0.733452
vt 0.699298 0.771114
vt 0.627028 0.848659
vt 0.477784 0.817088
vt 0.726511 0.738619
vt 0.517109 0.826854
vt 0.664653 0.803402
vt 0.465819 0.790056
vt 0.377600 0.676353
vt 0.549329 0.823258
vt 0.412104 0.732597
vt 0.596428 0.806289
vt 0.435602 0.754270
vt 0.376861 0.644124
vt 0.661314 0.773115
vt 0.674636 0.763449
vt 0.622822 0.772503
vt 0.455461 0.748028
vt 0.696376 0.714454
vt 0.482855 0.756327
vt 0.392986 0.680708
vt 0.571579 0.787565
vt 0.544088 0.795224
vt 0.509025 0.774413
vt 0.413754 0.698316
vt 0.678744 0.725032
vt 0.556859 0.780842
vt 0.408385 0.675669
vt 0.455804 0.727251
vt 0.642517 0.737157
vt 0.437552 0.699670
vt 0.596788 0.760805
vt 0.541688 0.763367
vt 0.515894 0.757996
vt 0.681442 0.680017
vt 0.503087 0.722440
vt 0.609498 0.730799
vt 0.414390 0.654023
vt 0.375177 0.610350
vt 0.385408 0.614961
vt 0.580448 0.740805
vt 0.533918 0.743958
vt 0.660405 0.701696
vt 0.468755 0.699629
vt 0.401850 0.592230
vt 0.564147 0.730768
vt 0.437837 0.669905
vt 0.615722 0.716273
vt 0.535405 0.713949
vt 0.629872 0.689317
vt 0.656399 0.670710
vt 0.596322 0.696310
vt 0.494633 0.677817
vt 0.436052 0.631368
vt 0.423569 0.611991
vt 0.573245 0.690395
vt 0.475143 0.676680
vt 0.462515 0.646925
vt 0.508518 0.675645
vt 0.552520 0.674085
vt 0.535939 0.692958
vt 0.623400 0.663299
vt 0.460480 0.606999
vt 0.520379 0.653993
vt 0.444176 0.586104
vt 0.594240 0.649886
vt 0.548516 0.642590
vt 0.635982 0.621410
vt 0.573128 0.645899
vt 0.498410 0.630492
vt 0.481164 0.604986
vt 0.431607 0.573668
vt 0.411036 0.564002
vt 0.657091 0.627354
vt 0.535120 0.632258
vt 0.460009 0.579373
vt 0.613227 0.631807
vt 0.562498 0.620202
vt 0.501487 0.593839
vt 0.513818 0.595240
vt 0.610257 0.600312
vt 0.583136 0.603282
vt 0.471904 0.556728
vt 0.622622 0.611510
vt 0.530101 0.591300
vt 0.496536 0.573578
vt 0.598688 0.582025
vt 0.546523 0.594944
vt 0.563958 0.574120
vt 0.488820 0.553362
vt 0.458753 0.532954
vt 0.199339 0.613174
vt 0.183270 0.588311
vt 0.198895 0.586435
vt 0.173483 0.537684
vt 0.165564 0.504763
vt 0.178698 0.518339
vt 0.159699 0.428075
vt 0.145983 0.462601
vt 0.143317 0.442571
vt 0.146397 0.402096
vt 0.186535 0.556321
vt 0.177026 0.558441
vt 0.164669 0.385368
vt 0.180751 0.496896
vt 0.175596 0.456440
vt 0.214921 0.707976
vt 0.216455 0.670502
vt 0.204998 0.549452
vt 0.153942 0.491300
vt 0.180403 0.476985
vt 0.199483 0.640953
vt 0.218357 0.614141
vt 0.198810 0.532949
vt 0.214362 0.643935
vt 0.209725 0.589623
vt 0.241705 0.678911
vt 0.253674 0.694340
vt 0.229757 0.645331
vt 0.197761 0.509242
vt 0.173311 0.418757
vt 0.200613 0.487410
vt 0.224359 0.574153
vt 0.192089 0.451120
vt 0.248438 0.643394
vt 0.250099 0.601830
vt 0.215056 0.547511
vt 0.212964 0.498160
vt 0.208999 0.469912
vt 0.191356 0.405695
vt 0.241354 0.584802
vt 0.269361 0.656876
vt 0.227608 0.547997
vt 0.205643 0.443898
vt 0.235506 0.570954
vt 0.223435 0.508995
vt 0.181749 0.339822
vt 0.160350 0.348519
vt 0.203557 0.410236
vt 0.235178 0.509669
vt 0.226898 0.481565
vt 0.196461 0.380109
vt 0.295988 0.672201
vt 0.222382 0.442968
vt 0.160071 0.306781
vt 0.196944 0.330701
vt 0.244224 0.545039
vt 0.249588 0.498874
vt 0.219098 0.406300
vt 0.297153 0.650876
vt 0.277633 0.602389
vt 0.267186 0.567002
vt 0.236806 0.468332
vt 0.227512 0.425237
vt 0.215848 0.367339
vt 0.257087 0.521183
vt 0.268002 0.538524
vt 0.223780 0.379505
vt 0.212780 0.336992
vt 0.243919 0.453519
vt 0.285220 0.577175
vt 0.235038 0.389954
vt 0.259539 0.479943
vt 0.245121 0.425130
vt 0.220441 0.295105
vt 0.174621 0.273314
vt 0.249992 0.397952
vt 0.224129 0.315791
vt 0.194541 0.273716
vt 0.308305 0.614016
vt 0.286989 0.550830
vt 0.278193 0.503707
vt 0.289074 0.521157
vt 0.265055 0.450106
vt 0.228971 0.344995
vt 0.269623 0.488587
vt 0.216447 0.274915
vt 0.302179 0.580180
vt 0.244178 0.368012
vt 0.323458 0.629971
vt 0.248532 0.317847
vt 0.250684 0.352139
vt 0.266243 0.396787
vt 0.319962 0.587975
vt 0.292093 0.469034
vt 0.275071 0.419007
vt 0.322377 0.563450
vt 0.306411 0.521082
vt 0.239653 0.289908
vt 0.209664 0.249652
vt 0.229299 0.257594
vt 0.302912 0.496044
vt 0.279568 0.387083
vt 0.270477 0.319245
vt 0.320172 0.528010
vt 0.347595 0.618413
vt 0.338780 0.582411
vt 0.311988 0.444585
vt 0.260529 0.287359
vt 0.319005 0.506158
vt 0.302289 0.439324
vt 0.248732 0.253570
vt 0.295032 0.394870
vt 0.351956 0.587335
vt 0.283189 0.348275
vt 0.334621 0.538038
vt 0.321056 0.461767
vt 0.299241 0.355415
vt 0.261261 0.270018
vt 0.338133 0.513229
vt 0.254409 0.221494
vt 0.291283 0.324410
vt 0.323530 0.392034
vt 0.270916 0.233155
vt 0.353930 0.550006
vt 0.340029 0.475236
vt 0.280470 0.283541
vt 0.315914 0.359327
vt 0.272124 0.256445
vt 0.334255 0.422875
vt 0.368027 0.572968
vt 0.309844 0.335984
vt 0.302590 0.294178
vt 0.368051 0.544493
vt 0.296955 0.252538
vt 0.360167 0.499918
vt 0.351251 0.474643
vt 0.369753 0.520239
vt 0.337597 0.379667
vt 0.318229 0.314117
vt 0.351140 0.434487
vt 0.337051 0.326739
vt 0.313308 0.266711
vt 0.291296 0.208759
vt 0.386364 0.560558
vt 0.356352 0.394137
vt 0.313519 0.226722
vt 0.369892 0.471189
vt 0.336601 0.279505
vt 0.328132 0.258152
vt 0.326354 0.191082
vt 0.358346 0.369703
vt 0.350142 0.332176
vt 0.393876 0.521196
vt 0.382121 0.485340
vt 0.376540 0.437823
vt 0.369187 0.420562
vt 0.390108 0.470836
vt 0.357956 0.293316
vt 0.399105 0.550120
vt 0.369259 0.344245
vt 0.361078 0.316462
vt 0.338290 0.226000
vt 0.406689 0.499646
vt 0.386672 0.387370
vt 0.379839 0.320320
vt 0.355178 0.242705
vt 0.385428 0.363883
vt 0.414408 0.525375
vt 0.389545 0.423537
vt 0.373891 0.270146
vt 0.410461 0.449771
vt 0.359117 0.203322
vt 0.402044 0.408381
vt 0.427168 0.542862
vt 0.408145 0.433952
vt 0.424055 0.495263
vt 0.413411 0.469643
vt 0.353375 0.169938
vt 0.401104 0.323514
vt 0.402138 0.287692
vt 0.392139 0.221913
vt 0.411167 0.358930
vt 0.411781 0.396651
vt 0.387220 0.177999
vt 0.399528 0.263252
vt 0.418632 0.417848
vt 0.439390 0.500101
vt 0.429357 0.467450
vt 0.420359 0.332847
vt 0.448184 0.521476
vt 0.431966 0.436420
vt 0.421860 0.379264
vt 0.417768 0.304497
vt 0.892451 0.698958
vt 0.913112 0.701040
vt 0.904263 0.730929
vt 0.911733 0.676522
vt 0.915344 0.641782
vt 0.933185 0.653988
vt 0.929907 0.612428
vt 0.918491 0.583812
vt 0.937780 0.582566
vt 0.925520 0.561588
vt 0.888468 0.766999
vt 0.913032 0.747733
vt 0.921797 0.775883
vt 0.926089 0.710304
vt 0.933504 0.678725
vt 0.946261 0.644601
vt 0.944260 0.597576
vt 0.925884 0.534667
vt 0.943028 0.536083
vt 0.929905 0.507465
vt 0.935943 0.473162
vt 0.947472 0.490225
vt 0.947014 0.555683
vt 0.926362 0.823754
vt 0.942098 0.760853
vt 0.946307 0.436002
vt 0.947681 0.617023
vt 0.949191 0.728943
vt 0.957837 0.516154
vt 0.950959 0.710402
vt 0.960652 0.666526
vt 0.959529 0.569822
vt 0.953526 0.681861
vt 0.963070 0.489648
vt 0.964495 0.630130
vt 0.965258 0.447813
vt 0.959401 0.806775
vt 0.970323 0.546594
vt 0.955976 0.771865
vt 0.975305 0.481555
vt 0.965081 0.730505
vt 0.979484 0.597160
vt 0.973887 0.576714
vt 0.970749 0.691028
vt 0.973848 0.517043
vt 0.977455 0.847546
vt 0.986177 0.453990
vt 0.986557 0.784310
vt 0.984586 0.649724
vt 0.956012 0.406690
vt 0.982011 0.719079
vt 0.991904 0.749552
vt 0.981970 0.551441
vt 0.984996 0.512692
vt 0.994490 0.492910
vt 0.979734 0.415647
vt 0.992616 0.421402
vt 0.992183 0.704819
vt 1.000412 0.681142
vt 0.998173 0.601984
vt 0.999719 0.824440
vt 0.997370 0.526146
vt 0.999156 0.726240
vt 0.997699 0.564298
vt 0.994046 0.478120
vt 0.998445 0.799177
vt 1.000742 0.640404
vt 0.999571 0.664075
vt 0.998395 0.452148
vt 1.000959 0.776092
vt 0.000776 0.858064
vt 0.011643 0.828188
vt 1.000228 0.551233
vt 0.003532 0.639320
vt 0.002350 0.603760
vt 0.018987 0.630629
vt 0.063815 0.824054
vt 0.003597 0.747423
vt 0.031191 0.722063
vt 0.024379 0.755278
vt 0.009263 0.716801
vt 0.001717 0.564218
vt 0.017721 0.581266
vt 0.013910 0.548895
vt 0.003285 0.523868
vt 0.001710 0.488565
vt 0.008898 0.483691
vt 0.010334 0.791200
vt 0.046919 0.796507
vt 0.001403 0.703986
vt 0.007863 0.682651
vt 0.025915 0.654948
vt 0.017402 0.611957
vt 0.024518 0.680959
vt 0.021185 0.521457
vt 0.004302 0.455972
vt 0.000854 0.402009
vt 0.020134 0.417046
vt 0.031936 0.600628
vt 0.025132 0.484468
vt 0.049594 0.762300
vt 0.025316 0.455285
vt 0.042661 0.698364
vt 0.041226 0.666951
vt 0.047730 0.637842
vt 0.057219 0.712778
vt 0.046101 0.552291
vt 0.043052 0.526664
vt 0.046828 0.574743
vt 0.081885 0.783251
vt 0.056083 0.655107
vt 0.062420 0.737654
vt 0.046575 0.496235
vt 0.045361 0.476384
vt 0.075139 0.758970
vt 0.066624 0.686732
vt 0.063622 0.599974
vt 0.034237 0.398594
vt 0.049341 0.456755
vt 0.080360 0.636532
vt 0.062520 0.559999
vt 0.096173 0.734643
vt 0.081826 0.654689
vt 0.054621 0.430011
vt 0.084760 0.708648
vt 0.109768 0.764704
vt 0.076231 0.576008
vt 0.128966 0.807705
vt 0.059782 0.397010
vt 0.073783 0.495859
vt 0.094130 0.676761
vt 0.075019 0.462943
vt 0.089668 0.609406
vt 0.079055 0.530250
vt 0.075790 0.410465
vt 0.102821 0.713477
vt 0.100587 0.642228
vt 0.141171 0.763964
vt 0.092776 0.545883
vt 0.098025 0.568156
vt 0.122762 0.712085
vt 0.084525 0.433287
vt 0.116816 0.664997
vt 0.124211 0.650545
vt 0.104785 0.601841
vt 0.092968 0.483933
vt 0.105590 0.514565
vt 0.105226 0.545412
vt 0.137578 0.687179
vt 0.139619 0.705427
vt 0.126881 0.631886
vt 0.109672 0.498459
vt 0.166856 0.740877
vt 0.120222 0.573345
vt 0.104815 0.449673
vt 0.128624 0.607179
vt 0.101190 0.412300
vt 0.158064 0.695370
vt 0.136205 0.546043
vt 0.150928 0.643501
vt 0.115452 0.471483
vt 0.160200 0.664868
vt 0.138309 0.584651
vt 0.125109 0.517515
vt 0.116369 0.413968
vt 0.185580 0.727603
vt 0.155053 0.600951
vt 0.102850 0.388443
vt 0.125431 0.433902
vt 0.181755 0.674675
vt 0.150788 0.552097
vt 0.154697 0.570136
vt 0.134696 0.485652
vt 0.143523 0.518902
vt 0.192383 0.692405
vt 0.205195 0.726024
vt 0.181073 0.647549
vt 0.169784 0.618237
vt 0.184130 0.629733
vt 0.157522 0.532958
vt 0.130460 0.388380
vt 0.632116 0.576859
vt 0.644108 0.559853
vt 0.641515 0.596977
vt 0.701819 0.320607
vt 0.709252 0.292154
vt 0.719630 0.293080
vt 0.702177 0.393750
vt 0.690799 0.405599
vt 0.685077 0.380429
vt 0.663784 0.480538
vt 0.675778 0.466669
vt 0.683871 0.487852
vt 0.669459 0.438216
vt 0.668681 0.413690
vt 0.696019 0.437001
vt 0.700973 0.348072
vt 0.647563 0.534395
vt 0.671647 0.571183
vt 0.693119 0.459289
vt 0.712065 0.364651
vt 0.728638 0.322487
vt 0.656989 0.593561
vt 0.654196 0.517633
vt 0.681821 0.526585
vt 0.729865 0.354170
vt 0.726291 0.265805
vt 0.750008 0.276960
vt 0.714656 0.438710
vt 0.727190 0.382210
vt 0.684135 0.550945
vt 0.714999 0.404485
vt 0.746719 0.312939
vt 0.701126 0.481509
vt 0.751567 0.352424
vt 0.701282 0.521346
vt 0.670229 0.625095
vt 0.700181 0.580609
vt 0.716609 0.475650
vt 0.727882 0.427349
vt 0.734375 0.415465
vt 0.773985 0.303302
vt 0.756728 0.263242
vt 0.681964 0.599157
vt 0.763314 0.332130
vt 0.695187 0.597932
vt 0.731689 0.462017
vt 0.711556 0.544164
vt 0.763136 0.382947
vt 0.685860 0.635752
vt 0.751467 0.407992
vt 0.785444 0.284841
vt 0.746943 0.446042
vt 0.722872 0.522049
vt 0.738662 0.487934
vt 0.727923 0.564230
vt 0.781187 0.351994
vt 0.793739 0.327647
vt 0.748908 0.529621
vt 0.756615 0.482405
vt 0.711333 0.634351
vt 0.722034 0.597057
vt 0.773189 0.412790
vt 0.768724 0.435116
vt 0.703920 0.670986
vt 0.745710 0.539682
vt 0.692758 0.692511
vt 0.789910 0.353525
vt 0.773546 0.478224
vt 0.808108 0.295864
vt 0.800817 0.378557
vt 0.757526 0.563710
vt 0.812708 0.327896
vt 0.725195 0.672977
vt 0.742071 0.627450
vt 0.746700 0.581379
vt 0.817424 0.346199
vt 0.782239 0.515213
vt 0.722849 0.704498
vt 0.791299 0.446863
vt 0.800527 0.409859
vt 0.834180 0.283876
vt 0.784431 0.555575
vt 0.820283 0.375690
vt 0.753203 0.648273
vt 0.793818 0.482300
vt 0.802210 0.442067
vt 0.764331 0.603783
vt 0.831027 0.320454
vt 0.745844 0.679829
vt 0.788774 0.540928
vt 0.831482 0.365170
vt 0.811745 0.478897
vt 0.817072 0.446900
vt 0.835844 0.327770
vt 0.770745 0.652351
vt 0.804307 0.527983
vt 0.775399 0.624310
vt 0.752805 0.719879
vt 0.791774 0.598937
vt 0.859428 0.362213
vt 0.804740 0.552134
vt 0.840163 0.399832
vt 0.769318 0.698706
vt 0.828947 0.510559
vt 0.837263 0.428391
vt 0.764591 0.739489
vt 0.798170 0.639414
vt 0.820905 0.590952
vt 0.749022 0.761638
vt 0.779004 0.665513
vt 0.839322 0.479455
vt 0.810428 0.598254
vt 0.843076 0.455803
vt 0.825572 0.567314
vt 0.829136 0.547046
vt 0.857788 0.420831
vt 0.819301 0.627211
vt 0.786050 0.741266
vt 0.791961 0.711792
vt 0.877939 0.397126
vt 0.805782 0.676939
vt 0.854999 0.513901
vt 0.863285 0.446185
vt 0.833408 0.610566
vt 0.846954 0.598564
vt 0.850425 0.575393
vt 0.851736 0.490948
vt 0.817209 0.693842
vt 0.879623 0.352984
vt 0.810302 0.783332
vt 0.802030 0.755791
vt 0.810738 0.725045
vt 0.832000 0.674775
vt 0.853245 0.544849
vt 0.883763 0.448965
vt 0.842753 0.650966
vt 0.885322 0.409366
vt 0.869512 0.490278
vt 0.853588 0.633935
vt 0.837296 0.705271
vt 0.823810 0.749858
vt 0.878932 0.529644
vt 0.887654 0.476130
vt 0.838672 0.739505
vt 0.864739 0.607755
vt 0.837605 0.766452
vt 0.882086 0.569143
vt 0.870360 0.629175
vt 0.903440 0.429836
vt 0.853066 0.679824
vt 0.910939 0.397327
vt 0.898084 0.386569
vt 0.866957 0.660736
vt 0.859231 0.708768
vt 0.871316 0.681480
vt 0.887163 0.593828
vt 0.896643 0.528352
vt 0.900705 0.477289
vt 0.912014 0.456397
vt 0.914936 0.485723
vt 0.887129 0.632812
vt 0.912602 0.518077
vt 0.918907 0.421519
vt 0.860428 0.790430
vt 0.866428 0.746568
vt 0.895583 0.569204
vt 0.893451 0.659150
vt 0.898888 0.631552
vt 0.903320 0.588252
vt 0.908689 0.546459
vt 0.927307 0.424257
vt 0.912006 0.612984
vt 0.432986 0.410925
vt 0.433899 0.367570
vt 0.446964 0.345498
vt 0.444967 0.475164
vt 0.455268 0.397323
vt 0.442204 0.449268
vt 0.444313 0.318945
vt 0.424414 0.252809
vt 0.454386 0.433479
vt 0.445577 0.204487
vt 0.445832 0.275867
vt 0.457288 0.240075
vt 0.456328 0.455701
vt 0.455736 0.370829
vt 0.378855 0.154599
vt 0.433550 0.154874
vt 0.461181 0.494803
vt 0.476899 0.442003
vt 0.472606 0.416205
vt 0.483466 0.484063
vt 0.471359 0.379772
vt 0.474474 0.328126
vt 0.467505 0.308904
vt 0.482633 0.272048
vt 0.481959 0.519815
vt 0.470619 0.183502
vt 0.482946 0.149771
vt 0.491320 0.367987
vt 0.501552 0.428458
vt 0.490254 0.222408
vt 0.439276 0.117308
vt 0.498832 0.306461
vt 0.499858 0.390061
vt 0.508443 0.341622
vt 0.501489 0.317429
vt 0.520328 0.128018
vt 0.497936 0.250635
vt 0.506361 0.459098
vt 0.502657 0.517961
vt 0.520026 0.170896
vt 0.510512 0.274771
vt 0.505692 0.492736
vt 0.516382 0.217865
vt 0.523296 0.402293
vt 0.523222 0.322008
vt 0.514447 0.375461
vt 0.530932 0.279151
vt 0.529767 0.201574
vt 0.540689 0.240652
vt 0.525298 0.553712
vt 0.526138 0.368865
vt 0.556667 0.122940
vt 0.534053 0.433262
vt 0.553866 0.171961
vt 0.531080 0.504115
vt 0.538167 0.344329
vt 0.545319 0.308500
vt 0.536830 0.450283
vt 0.542984 0.408457
vt 0.589994 0.229203
vt 0.554475 0.195060
vt 0.548910 0.468273
vt 0.555896 0.259460
vt 0.561116 0.371571
vt 0.584809 0.197188
vt 0.573029 0.294774
vt 0.561155 0.347991
vt 0.604401 0.148343
vt 0.546361 0.552597
vt 0.560125 0.314751
vt 0.556765 0.499879
vt 0.589702 0.176355
vt 0.563164 0.412230
vt 0.576131 0.268693
vt 0.554850 0.527303
vt 0.566499 0.445113
vt 0.576955 0.308784
vt 0.586313 0.336105
vt 0.571083 0.468243
vt 0.611260 0.211306
vt 0.582045 0.395588
vt 0.629301 0.184686
vt 0.610625 0.239735
vt 0.583252 0.367885
vt 0.580023 0.423267
vt 0.605241 0.262990
vt 0.601524 0.299153
vt 0.572621 0.528406
vt 0.601442 0.321544
vt 0.643229 0.139161
vt 0.602547 0.427386
vt 0.614796 0.285280
vt 0.640336 0.233902
vt 0.581064 0.564782
vt 0.604672 0.371939
vt 0.586070 0.517215
vt 0.591590 0.468938
vt 0.605375 0.351720
vt 0.673804 0.186410
vt 0.606012 0.399460
vt 0.633089 0.256318
vt 0.652830 0.207885
vt 0.622154 0.332741
vt 0.632154 0.294224
vt 0.598312 0.507156
vt 0.591921 0.545522
vt 0.610179 0.445134
vt 0.610704 0.478278
vt 0.634341 0.386956
vt 0.630180 0.364368
vt 0.645778 0.320827
vt 0.651368 0.284864
vt 0.625648 0.413550
vt 0.668543 0.271762
vt 0.707063 0.171925
vt 0.707020 0.214746
vt 0.611749 0.506534
vt 0.686684 0.232486
vt 0.610365 0.541400
vt 0.650589 0.361077
vt 0.627473 0.454482
vt 0.650676 0.386806
vt 0.611759 0.578386
vt 0.622728 0.494439
vt 0.673145 0.303840
vt 0.640181 0.445428
vt 0.660706 0.332237
vt 0.620215 0.520572
vt 0.648341 0.426256
vt 0.621463 0.544796
vt 0.675355 0.358754
vt 0.643532 0.470654
vt 0.704057 0.252653
vt 0.642613 0.498833
vt 0.728501 0.235365
vt 0.668368 0.379040
vt 0.678653 0.328249
vt 0.654811 0.459313
vt 0.054482 0.371451
vt 0.075917 0.370540
vt 0.013341 0.366168
vt 0.002569 0.375418
vt 0.132852 0.341641
vt 0.097179 0.357923
vt 0.035846 0.349857
vt 0.023249 0.362404
vt 0.995198 0.375395
vt 0.944069 0.409124
vt 0.970452 0.383127
vt 0.106897 0.323336
vt 0.943659 0.390167
vt 0.931838 0.402670
vt 0.087374 0.333651
vt 0.064478 0.320132
vt 0.040662 0.312050
vt 0.989096 0.343469
vt 1.001017 0.358123
vt 0.923749 0.395574
vt 0.952210 0.376909
vt 0.017651 0.323234
vt 1.001652 0.346528
vt 1.000702 0.321411
vt 0.975289 0.338839
vt 0.945628 0.358000
vt 0.094348 0.293038
vt 0.132092 0.313567
vt 0.079353 0.256269
vt 0.929342 0.371754
vt 0.123942 0.258521
vt 0.980839 0.305624
vt 0.053308 0.258362
vt 0.957907 0.305883
vt 0.917013 0.359712
vt 0.024124 0.268252
vt 0.007580 0.286108
vt 1.000448 0.291920
vt 0.946477 0.321492
vt 0.964726 0.281596
vt 0.035375 0.250853
vt 0.151418 0.265770
vt 0.104410 0.238434
vt 0.935755 0.317750
vt 0.902682 0.344824
vt 0.990776 0.241452
vt 0.002309 0.241998
vt 0.945309 0.277213
vt 0.035262 0.221006
vt 0.077637 0.203261
vt 0.915157 0.299187
vt 0.960591 0.243912
vt 0.132221 0.215585
vt 0.007593 0.197244
vt 0.891422 0.322840
vt 0.177071 0.226942
vt 0.915053 0.262507
vt 0.049283 0.179018
vt 0.966741 0.189957
vt 0.871412 0.318709
vt 1.000379 0.198257
vt 0.104908 0.189322
vt 0.943269 0.207507
vt 0.896932 0.287251
vt 0.127662 0.182819
vt 0.066875 0.151591
vt 0.923205 0.237479
vt 0.015637 0.173372
vt 0.154966 0.170361
vt 0.179655 0.186878
vt 0.119560 0.152311
vt 0.978083 0.147758
vt 0.877705 0.274682
vt 1.002477 0.164896
vt 0.911075 0.195134
vt 0.887505 0.218619
vt 0.920136 0.169796
vt 0.854423 0.296655
vt 0.221052 0.197346
vt 0.094140 0.115049
vt 0.011656 0.109256
vt 0.926876 0.150201
vt 0.005839 0.146338
vt 0.862907 0.259266
vt 0.161683 0.129689
vt 0.236882 0.207181
vt 0.204474 0.166937
vt 0.074569 0.098896
vt 0.163264 0.109125
vt 0.846257 0.173086
vt 0.231373 0.168817
vt 0.898922 0.134043
vt 0.846575 0.211650
vt 0.111589 0.081832
vt 0.998644 0.110017
vt 0.937083 0.106008
vt 0.840394 0.228159
vt 0.019731 0.068757
vt 0.927822 0.090241
vt 0.232350 0.116190
vt 0.855228 0.142909
vt 0.817069 0.265178
vt 0.056772 0.049572
vt 1.001759 0.068500
vt 0.266789 0.184726
vt 0.210149 0.085286
vt 0.855673 0.110456
vt 0.926754 0.054840
vt 0.813378 0.214644
vt 0.265299 0.150139
vt 0.242388 0.073230
vt 1.005584 0.043597
vt 0.834367 0.082051
vt 0.796103 0.256617
vt 1.001400 0.019936
vt 0.831490 0.065480
vt 0.805775 0.125434
vt 0.280784 0.034694
vt 0.833906 0.028342
vt 0.293487 0.135437
vt 0.796423 0.226665
vt 0.753446 0.051921
vt 0.020281 0.021723
vt 0.781936 0.188977
vt 0.308532 0.159851
vt 0.325658 0.099555
vt 0.772074 0.113702
vt 0.333955 0.058677
vt 0.032490 0.004765
vt 0.774380 0.242444
vt 0.614297 0.040379
vt 0.757123 0.180384
vt 0.759972 0.223733
vt 0.333862 0.142013
vt 0.704506 0.118799
vt 0.693212 0.073383
vt 0.736205 0.157312
vt 0.391961 0.085151
vt 0.380438 0.118284
vt 0.487856 0.063964
vt 0.732762 0.187165
vt 0.669971 0.103545
vt 0.723689 0.216485
vt 0.597431 0.097877
vt 0.524787 0.099103
s 1
usemtl Default_OBJ
f 6/1/6 7/2/7 16/3/16
f 8/4/8 9/5/9 14/6/14
f 12/7/12 13/8/13 498/9/498
f 9/5/9 480/10/480 10/11/10
f 498/9/498 13/8/13 19/12/19
f 6/13/6 20/14/20 5/15/5
f 18/16/18 498/9/498 19/12/19
f 13/8/13 12/7/12 17/17/17
f 12/7/12 180/18/180 17/17/17
f 1/19/1 3/20/3 681/21/681
f 7/2/7 8/4/8 26/22/26
f 2/23/2 1/19/1 681/21/681
f 9/5/9 10/11/10 14/6/14
f 4/24/4 15/25/15 3/20/3
f 8/4/8 14/6/14 26/22/26
f 4/24/4 5/15/5 21/26/21
f 6/13/6 16/27/16 20/14/20
f 16/3/16 7/2/7 26/22/26
f 11/28/11 18/16/18 10/11/10
f 681/21/681 3/20/3 22/29/22
f 4/24/4 21/26/21 15/25/15
f 5/15/5 23/30/23 21/26/21
f 5/15/5 20/14/20 23/30/23
f 10/11/10 18/16/18 24/31/24
f 18/16/18 19/12/19 24/31/24
f 17/17/17 180/18/180 28/32/28
f 3/20/3 15/25/15 22/29/22
f 20/33/20 16/3/16 26/22/26
f 14/6/14 10/11/10 25/34/25
f 24/31/24 19/12/19 27/35/27
f 19/12/19 13/8/13 27/35/27
f 14/6/14 31/36/31 26/22/26
f 13/8/13 17/17/17 28/32/28
f 20/33/20 26/22/26 29/37/29
f 31/36/31 14/6/14 25/34/25
f 25/34/25 10/11/10 32/38/32
f 665/39/665 681/21/681 30/40/30
f 22/29/22 15/25/15 21/26/21
f 13/8/13 28/32/28 33/41/33
f 23/30/23 20/14/20 29/42/29
f 10/11/10 24/31/24 32/38/32
f 681/21/681 22/29/22 30/40/30
f 13/8/13 33/41/33 27/35/27
f 22/29/22 21/26/21 36/43/36
f 25/34/25 32/38/32 31/36/31
f 32/38/32 24/31/24 34/44/34
f 22/29/22 36/43/36 35/45/35
f 30/40/30 22/29/22 35/45/35
f 29/37/29 26/22/26 37/46/37
f 27/35/27 33/41/33 42/47/42
f 21/26/21 39/48/39 36/43/36
f 21/26/21 23/30/23 39/48/39
f 24/31/24 27/35/27 34/44/34
f 28/32/28 38/49/38 41/50/41
f 40/51/40 32/38/32 34/44/34
f 34/44/34 27/35/27 42/47/42
f 43/52/43 23/30/23 29/42/29
f 33/41/33 28/32/28 41/50/41
f 36/43/36 39/48/39 46/53/46
f 37/46/37 26/22/26 31/36/31
f 31/36/31 32/38/32 45/54/45
f 30/40/30 35/45/35 51/55/51
f 39/48/39 23/30/23 47/56/47
f 43/52/43 29/42/29 44/57/44
f 37/46/37 31/36/31 48/58/48
f 45/54/45 32/38/32 49/59/49
f 49/59/49 32/38/32 40/51/40
f 35/45/35 36/43/36 52/60/52
f 36/43/36 46/53/46 52/60/52
f 46/53/46 39/48/39 47/56/47
f 47/56/47 23/30/23 43/52/43
f 29/37/29 37/46/37 44/57/44
f 31/36/31 45/54/45 48/58/48
f 34/44/34 50/61/50 40/51/40
f 30/40/30 51/55/51 53/62/53
f 51/55/51 35/45/35 52/60/52
f 50/61/50 34/44/34 42/47/42
f 54/63/54 42/47/42 33/41/33
f 52/60/52 46/53/46 47/56/47
f 50/61/50 42/47/42 54/63/54
f 33/41/33 41/50/41 55/64/55
f 44/57/44 37/46/37 57/65/57
f 43/52/43 44/57/44 56/66/56
f 33/41/33 55/64/55 54/63/54
f 43/52/43 61/67/61 47/56/47
f 48/58/48 45/54/45 59/68/59
f 52/60/52 47/56/47 60/69/60
f 57/65/57 37/46/37 59/68/59
f 37/46/37 48/58/48 59/68/59
f 60/69/60 47/56/47 61/67/61
f 61/67/61 43/52/43 56/66/56
f 56/66/56 44/57/44 57/65/57
f 62/70/62 50/61/50 54/63/54
f 53/62/53 51/55/51 58/71/58
f 51/55/51 52/60/52 65/72/65
f 49/59/49 40/51/40 63/73/63
f 54/63/54 55/64/55 64/74/64
f 45/54/45 49/59/49 68/75/68
f 60/69/60 61/67/61 66/76/66
f 61/67/61 56/66/56 70/77/70
f 57/65/57 59/68/59 67/78/67
f 59/68/59 45/54/45 68/75/68
f 62/70/62 54/63/54 69/79/69
f 58/71/58 51/55/51 65/72/65
f 52/60/52 60/69/60 75/80/75
f 66/76/66 61/67/61 70/77/70
f 40/51/40 50/61/50 62/70/62
f 65/72/65 52/60/52 75/80/75
f 60/69/60 66/76/66 71/81/71
f 68/75/68 49/59/49 63/73/63
f 72/82/72 58/71/58 65/72/65
f 63/73/63 40/51/40 62/70/62
f 64/74/64 55/64/55 74/83/74
f 56/66/56 57/65/57 67/78/67
f 67/78/67 59/68/59 68/75/68
f 63/73/63 62/70/62 78/84/78
f 73/85/73 54/63/54 64/74/64
f 66/76/66 70/77/70 71/81/71
f 79/86/79 67/78/67 68/75/68
f 54/63/54 73/85/73 69/79/69
f 73/85/73 64/74/64 76/87/76
f 64/74/64 74/83/74 76/87/76
f 65/72/65 75/80/75 72/82/72
f 56/66/56 67/78/67 77/88/77
f 75/80/75 60/69/60 71/81/71
f 81/89/81 68/75/68 63/73/63
f 80/90/80 68/75/68 81/89/81
f 63/73/63 78/84/78 81/89/81
f 70/77/70 56/66/56 77/88/77
f 67/78/67 79/86/79 77/88/77
f 79/86/79 68/75/68 82/91/82
f 68/75/68 80/90/80 82/91/82
f 78/84/78 62/70/62 91/92/91
f 72/82/72 75/80/75 86/93/86
f 71/81/71 70/77/70 85/94/85
f 70/77/70 77/88/77 85/94/85
f 71/81/71 84/95/84 75/80/75
f 62/70/62 69/79/69 91/92/91
f 88/96/88 73/85/73 76/87/76
f 84/95/84 71/81/71 85/94/85
f 77/88/77 79/86/79 87/97/87
f 84/95/84 85/94/85 89/98/89
f 69/79/69 73/85/73 88/96/88
f 76/87/76 74/83/74 96/99/96
f 86/93/86 75/80/75 84/95/84
f 87/97/87 79/86/79 82/91/82
f 85/94/85 77/88/77 89/98/89
f 77/88/77 87/97/87 90/100/90
f 80/90/80 81/89/81 92/101/92
f 69/79/69 88/96/88 93/102/93
f 72/82/72 86/93/86 94/103/94
f 84/95/84 89/98/89 95/104/95
f 91/92/91 69/79/69 93/102/93
f 76/87/76 96/99/96 88/96/88
f 82/91/82 80/90/80 97/105/97
f 81/89/81 78/84/78 92/101/92
f 80/90/80 92/101/92 97/105/97
f 72/82/72 94/103/94 609/106/609
f 89/98/89 77/88/77 90/100/90
f 87/97/87 82/91/82 98/107/98
f 82/91/82 97/105/97 98/107/98
f 92/101/92 78/84/78 91/92/91
f 90/100/90 87/97/87 98/107/98
f 84/95/84 95/104/95 99/108/99
f 86/93/86 84/95/84 99/108/99
f 97/105/97 92/101/92 100/109/100
f 88/96/88 96/99/96 101/110/101
f 86/93/86 99/108/99 94/103/94
f 105/111/105 90/100/90 98/107/98
f 93/102/93 102/112/102 91/92/91
f 95/104/95 89/98/89 104/113/104
f 89/98/89 90/100/90 105/111/105
f 92/101/92 91/92/91 106/114/106
f 96/99/96 103/115/103 101/110/101
f 94/103/94 99/108/99 107/116/107
f 104/113/104 89/98/89 105/111/105
f 94/103/94 107/116/107 109/117/109
f 110/118/110 99/108/99 95/104/95
f 100/109/100 92/101/92 111/119/111
f 92/101/92 106/114/106 111/119/111
f 88/96/88 101/110/101 93/102/93
f 108/120/108 94/103/94 109/117/109
f 99/108/99 110/118/110 107/116/107
f 97/105/97 100/109/100 112/121/112
f 102/112/102 93/102/93 113/122/113
f 95/104/95 104/113/104 110/118/110
f 104/113/104 105/111/105 114/123/114
f 105/111/105 98/107/98 115/124/115
f 98/107/98 97/105/97 118/125/118
f 106/114/106 91/92/91 102/112/102
f 102/112/102 113/122/113 116/126/116
f 93/102/93 101/110/101 113/122/113
f 108/120/108 109/117/109 117/127/117
f 105/111/105 115/124/115 114/123/114
f 97/105/97 112/121/112 118/125/118
f 100/109/100 111/119/111 112/121/112
f 114/123/114 115/124/115 119/128/119
f 98/107/98 118/125/118 115/124/115
f 116/126/116 113/122/113 125/129/125
f 109/117/109 107/116/107 117/127/117
f 111/119/111 106/114/106 121/130/121
f 121/130/121 106/114/106 102/112/102
f 120/131/120 107/116/107 110/118/110
f 102/112/102 116/126/116 123/132/123
f 110/118/110 104/113/104 129/133/129
f 104/113/104 114/123/114 129/133/129
f 119/128/119 115/124/115 122/134/122
f 115/124/115 118/125/118 122/134/122
f 121/130/121 102/112/102 123/132/123
f 122/134/122 118/125/118 126/135/126
f 108/120/108 117/127/117 127/136/127
f 118/125/118 112/121/112 134/137/134
f 120/131/120 110/118/110 128/138/128
f 114/123/114 119/128/119 122/134/122
f 116/126/116 125/129/125 124/139/124
f 113/122/113 101/110/101 124/139/124
f 103/115/103 295/140/295 130/141/130
f 129/133/129 114/123/114 133/142/133
f 112/121/112 111/119/111 121/130/121
f 125/129/125 113/122/113 124/139/124
f 133/142/133 114/123/114 122/134/122
f 122/134/122 126/135/126 132/143/132
f 126/135/126 118/125/118 134/137/134
f 101/110/101 103/115/103 124/139/124
f 117/127/117 107/116/107 131/144/131
f 107/116/107 120/131/120 131/144/131
f 110/118/110 129/133/129 128/138/128
f 121/130/121 123/132/123 136/145/136
f 103/115/103 130/141/130 138/146/138
f 127/136/127 117/127/117 131/144/131
f 122/134/122 140/147/140 133/142/133
f 126/135/126 134/137/134 132/143/132
f 112/121/112 121/130/121 136/145/136
f 123/132/123 116/126/116 137/148/137
f 116/126/116 124/139/124 137/148/137
f 124/139/124 103/115/103 138/146/138
f 122/134/122 132/143/132 140/147/140
f 120/131/120 128/138/128 135/149/135
f 136/145/136 123/132/123 137/148/137
f 129/133/129 133/142/133 128/138/128
f 140/147/140 132/143/132 141/150/141
f 112/121/112 136/145/136 134/137/134
f 131/144/131 120/131/120 139/151/139
f 120/131/120 135/149/135 139/151/139
f 127/136/127 131/144/131 151/152/151
f 131/144/131 139/151/139 151/152/151
f 128/138/128 133/142/133 143/153/143
f 132/143/132 134/137/134 141/150/141
f 134/137/134 136/145/136 142/154/142
f 137/148/137 124/139/124 150/155/150
f 124/139/124 138/146/138 144/156/144
f 143/153/143 133/142/133 140/147/140
f 146/157/146 140/147/140 141/150/141
f 145/158/145 136/145/136 152/159/152
f 124/139/124 144/156/144 150/155/150
f 135/149/135 128/138/128 143/153/143
f 143/153/143 140/147/140 146/157/146
f 142/154/142 136/145/136 145/158/145
f 136/145/136 137/148/137 152/159/152
f 149/160/149 134/137/134 142/154/142
f 141/150/141 134/137/134 149/160/149
f 139/151/139 135/149/135 143/153/143
f 146/157/146 141/150/141 147/161/147
f 148/162/148 141/150/141 149/160/149
f 137/148/137 150/155/150 152/159/152
f 141/150/141 148/162/148 147/161/147
f 139/151/139 143/153/143 153/163/153
f 152/159/152 150/155/150 163/164/163
f 151/152/151 139/151/139 153/163/153
f 148/162/148 149/160/149 154/165/154
f 150/155/150 144/156/144 155/166/155
f 143/153/143 146/157/146 160/167/160
f 150/155/150 155/166/155 163/164/163
f 147/161/147 148/162/148 158/168/158
f 148/162/148 154/165/154 158/168/158
f 151/152/151 153/163/153 165/169/165
f 153/163/153 143/153/143 160/167/160
f 146/157/146 147/161/147 157/170/157
f 142/154/142 145/158/145 164/171/164
f 145/158/145 152/159/152 162/172/162
f 144/156/144 138/146/138 161/173/161
f 138/146/138 159/174/159 161/173/161
f 149/160/149 142/154/142 164/171/164
f 145/158/145 162/172/162 164/171/164
f 155/166/155 144/156/144 161/173/161
f 156/175/156 151/152/151 165/169/165
f 152/159/152 163/164/163 162/172/162
f 160/167/160 146/157/146 157/170/157
f 158/168/158 154/165/154 166/176/166
f 154/165/154 149/160/149 164/171/164
f 163/164/163 155/166/155 171/177/171
f 153/163/153 160/167/160 167/178/167
f 157/170/157 147/161/147 158/168/158
f 168/179/168 157/170/157 158/168/158
f 165/169/165 153/163/153 167/178/167
f 154/165/154 164/171/164 166/176/166
f 164/171/164 162/172/162 169/180/169
f 158/168/158 166/176/166 168/179/168
f 164/171/164 169/180/169 178/181/178
f 167/178/167 160/167/160 170/182/170
f 166/176/166 164/171/164 178/181/178
f 160/167/160 157/170/157 176/183/176
f 163/164/163 171/177/171 174/184/174
f 165/169/165 167/178/167 172/185/172
f 157/170/157 168/179/168 176/183/176
f 166/176/166 173/186/173 168/179/168
f 166/176/166 178/181/178 173/186/173
f 162/172/162 163/164/163 174/184/174
f 169/180/169 162/172/162 179/187/179
f 172/185/172 167/178/167 170/182/170
f 170/182/170 160/167/160 810/188/810
f 168/179/168 173/186/173 177/189/177
f 160/167/160 176/183/176 810/188/810
f 783/190/783 168/179/168 177/189/177
f 162/172/162 174/184/174 725/191/725
f 171/177/171 706/192/706 174/184/174
f 171/177/171 155/166/155 706/192/706
f 193/193/193 181/194/181 187/195/187
f 525/196/525 184/197/184 191/198/191
f 188/199/188 527/200/527 520/201/520
f 520/201/520 528/202/528 188/199/188
f 182/203/182 183/204/183 525/196/525
f 188/199/188 528/202/528 192/205/192
f 191/198/191 184/197/184 194/206/194
f 185/207/185 527/200/527 188/199/188
f 180/18/180 526/208/526 186/209/186
f 196/210/196 181/194/181 182/203/182
f 194/206/194 524/211/524 197/212/197
f 524/211/524 185/207/185 197/212/197
f 190/213/190 193/193/193 195/214/195
f 187/195/187 181/194/181 196/210/196
f 182/203/182 525/196/525 199/215/199
f 525/196/525 191/198/191 199/215/199
f 190/213/190 195/214/195 189/216/189
f 193/193/193 187/195/187 200/217/200
f 180/18/180 186/209/186 204/218/204
f 193/193/193 200/217/200 195/214/195
f 180/18/180 202/219/202 28/32/28
f 186/209/186 189/216/189 198/220/198
f 180/18/180 204/218/204 202/219/202
f 182/203/182 199/215/199 196/210/196
f 199/215/199 191/198/191 205/221/205
f 191/198/191 194/206/194 205/221/205
f 185/207/185 188/199/188 201/222/201
f 186/209/186 198/220/198 204/218/204
f 201/222/201 188/199/188 192/205/192
f 187/195/187 196/210/196 200/217/200
f 206/223/206 194/206/194 197/212/197
f 200/217/200 209/224/209 195/214/195
f 197/212/197 185/207/185 208/225/208
f 204/218/204 198/220/198 215/226/215
f 205/221/205 194/206/194 206/223/206
f 189/216/189 221/227/221 198/220/198
f 200/217/200 207/228/207 209/224/209
f 196/210/196 207/228/207 200/217/200
f 208/225/208 185/207/185 201/222/201
f 196/210/196 199/215/199 207/228/207
f 206/223/206 197/212/197 208/225/208
f 28/32/28 202/219/202 38/49/38
f 215/226/215 198/220/198 221/227/221
f 189/216/189 195/214/195 221/227/221
f 199/215/199 205/221/205 211/229/211
f 202/219/202 204/218/204 38/49/38
f 207/228/207 199/215/199 211/229/211
f 211/229/211 205/221/205 206/223/206
f 206/223/206 208/225/208 213/230/213
f 208/225/208 201/222/201 210/231/210
f 195/214/195 212/232/212 221/227/221
f 195/214/195 209/224/209 212/232/212
f 204/218/204 215/226/215 226/233/226
f 209/224/209 207/228/207 217/234/217
f 38/49/38 204/218/204 226/233/226
f 213/230/213 208/225/208 214/235/214
f 209/224/209 216/236/216 212/232/212
f 207/228/207 211/229/211 219/237/219
f 218/238/218 192/205/192 203/239/203
f 216/236/216 209/224/209 217/234/217
f 208/225/208 210/231/210 220/240/220
f 217/234/217 207/228/207 222/241/222
f 222/241/222 207/228/207 219/237/219
f 224/242/224 206/223/206 213/230/213
f 210/231/210 201/222/201 228/243/228
f 201/222/201 192/205/192 228/243/228
f 211/229/211 206/223/206 224/242/224
f 214/235/214 208/225/208 220/240/220
f 192/205/192 218/238/218 228/243/228
f 38/49/38 229/244/229 41/50/41
f 225/245/225 213/230/213 214/235/214
f 203/239/203 223/246/223 218/238/218
f 229/244/229 38/49/38 226/233/226
f 219/237/219 211/229/211 224/242/224
f 227/247/227 228/243/228 218/238/218
f 216/236/216 217/234/217 231/248/231
f 220/240/220 210/231/210 228/243/228
f 217/234/217 222/241/222 236/249/236
f 222/241/222 219/237/219 224/242/224
f 214/235/214 220/240/220 232/250/232
f 226/233/226 239/251/239 229/244/229
f 215/226/215 230/252/230 226/233/226
f 213/230/213 225/245/225 224/242/224
f 41/50/41 229/244/229 55/64/55
f 215/226/215 221/227/221 230/252/230
f 221/227/221 212/232/212 233/253/233
f 231/248/231 217/234/217 236/249/236
f 222/241/222 224/242/224 234/254/234
f 225/245/225 214/235/214 232/250/232
f 216/236/216 231/248/231 212/232/212
f 225/245/225 232/250/232 235/255/235
f 220/240/220 237/256/237 232/250/232
f 220/240/220 228/243/228 237/256/237
f 212/232/212 231/248/231 238/257/238
f 231/248/231 236/249/236 238/257/238
f 224/242/224 225/245/225 234/254/234
f 227/247/227 218/238/218 223/246/223
f 212/232/212 245/258/245 233/253/233
f 212/232/212 238/257/238 245/258/245
f 232/250/232 237/256/237 243/259/243
f 228/243/228 227/247/227 248/260/248
f 226/233/226 230/252/230 239/251/239
f 230/252/230 221/227/221 233/253/233
f 222/241/222 234/254/234 236/249/236
f 237/256/237 228/243/228 248/260/248
f 236/249/236 234/254/234 242/261/242
f 234/254/234 225/245/225 242/261/242
f 230/252/230 233/253/233 241/262/241
f 232/250/232 243/259/243 244/263/244
f 236/249/236 247/264/247 238/257/238
f 242/261/242 225/245/225 253/265/253
f 225/245/225 235/255/235 253/265/253
f 246/266/246 227/247/227 240/267/240
f 236/249/236 242/261/242 247/264/247
f 235/255/235 232/250/232 262/268/262
f 253/265/253 235/255/235 262/268/262
f 248/260/248 227/247/227 249/269/249
f 249/269/249 227/247/227 246/266/246
f 246/266/246 240/267/240 250/270/250
f 239/251/239 230/252/230 255/271/255
f 241/262/241 233/253/233 251/272/251
f 233/253/233 245/258/245 251/272/251
f 245/258/245 238/257/238 252/273/252
f 262/268/262 232/250/232 244/263/244
f 245/258/245 256/274/256 251/272/251
f 245/258/245 252/273/252 256/274/256
f 261/275/261 242/261/242 253/265/253
f 237/256/237 248/260/248 254/276/254
f 238/257/238 247/264/247 260/277/260
f 55/64/55 229/244/229 74/83/74
f 252/273/252 238/257/238 260/277/260
f 229/244/229 239/251/239 255/271/255
f 247/264/247 242/261/242 261/275/261
f 243/259/243 237/256/237 254/276/254
f 254/276/254 248/260/248 249/269/249
f 246/266/246 250/270/250 259/278/259
f 230/252/230 257/279/257 255/271/255
f 230/252/230 241/262/241 257/279/257
f 260/277/260 247/264/247 261/275/261
f 244/263/244 243/259/243 258/280/258
f 243/259/243 254/276/254 258/280/258
f 74/83/74 229/244/229 264/281/264
f 229/244/229 255/271/255 264/281/264
f 244/263/244 258/280/258 262/268/262
f 254/276/254 249/269/249 263/282/263
f 241/262/241 251/272/251 257/279/257
f 254/276/254 263/282/263 267/283/267
f 253/265/253 262/268/262 269/284/269
f 257/279/257 270/285/270 255/271/255
f 260/277/260 266/286/266 252/273/252
f 260/277/260 261/275/261 266/286/266
f 258/280/258 254/276/254 267/283/267
f 268/287/268 261/275/261 269/284/269
f 261/275/261 253/265/253 269/284/269
f 270/285/270 257/279/257 278/288/278
f 251/272/251 272/289/272 257/279/257
f 251/272/251 256/274/256 272/289/272
f 256/274/256 252/273/252 266/286/266
f 262/268/262 258/280/258 269/284/269
f 264/281/264 255/271/255 270/285/270
f 249/269/249 246/266/246 271/290/271
f 259/278/259 265/291/265 273/292/273
f 257/279/257 272/289/272 278/288/278
f 272/289/272 256/274/256 279/293/279
f 256/274/256 266/286/266 279/293/279
f 263/282/263 249/269/249 271/290/271
f 268/287/268 269/284/269 275/294/275
f 258/280/258 267/283/267 276/295/276
f 266/286/266 261/275/261 268/287/268
f 267/283/267 263/282/263 276/295/276
f 246/266/246 259/278/259 271/290/271
f 271/290/271 259/278/259 273/292/273
f 272/289/272 274/296/274 278/288/278
f 269/284/269 258/280/258 275/294/275
f 96/99/96 74/83/74 282/297/282
f 74/83/74 264/281/264 282/297/282
f 264/281/264 277/298/277 282/297/282
f 264/281/264 270/285/270 277/298/277
f 270/285/270 278/288/278 277/298/277
f 279/293/279 266/286/266 280/299/280
f 263/282/263 271/290/271 284/300/284
f 272/289/272 285/301/285 274/296/274
f 266/286/266 268/287/268 283/302/283
f 273/292/273 288/303/288 271/290/271
f 268/287/268 281/304/281 283/302/283
f 282/297/282 277/298/277 286/305/286
f 268/287/268 275/294/275 281/304/281
f 275/294/275 258/280/258 287/306/287
f 258/280/258 276/295/276 287/306/287
f 278/288/278 289/307/289 277/298/277
f 272/289/272 279/293/279 285/301/285
f 279/293/279 280/299/280 290/308/290
f 266/286/266 283/302/283 280/299/280
f 263/282/263 284/300/284 276/295/276
f 278/288/278 274/296/274 289/307/289
f 275/294/275 291/309/291 281/304/281
f 284/300/284 271/290/271 292/310/292
f 274/296/274 285/301/285 293/311/293
f 285/301/285 279/293/279 290/308/290
f 275/294/275 287/306/287 291/309/291
f 271/290/271 288/303/288 292/310/292
f 288/303/288 273/292/273 299/312/299
f 274/296/274 293/311/293 289/307/289
f 287/306/287 276/295/276 298/313/298
f 283/302/283 281/304/281 300/314/300
f 292/310/292 288/303/288 294/315/294
f 96/99/96 282/297/282 103/115/103
f 286/305/286 277/298/277 296/316/296
f 297/317/297 285/301/285 290/308/290
f 284/300/284 301/318/301 276/295/276
f 301/318/301 284/300/284 292/310/292
f 294/315/294 288/303/288 299/312/299
f 103/115/103 282/297/282 295/140/295
f 281/304/281 291/309/291 306/319/306
f 292/310/292 294/315/294 302/320/302
f 293/311/293 285/301/285 297/317/297
f 287/306/287 298/313/298 291/309/291
f 298/313/298 276/295/276 301/318/301
f 277/298/277 289/307/289 296/316/296
f 312/321/312 290/308/290 280/299/280
f 280/299/280 283/302/283 300/314/300
f 300/314/300 281/304/281 306/319/306
f 292/310/292 302/320/302 301/318/301
f 282/297/282 286/305/286 303/322/303
f 303/322/303 286/305/286 296/316/296
f 291/309/291 298/313/298 304/323/304
f 290/308/290 312/321/312 297/317/297
f 306/319/306 291/309/291 304/323/304
f 298/313/298 301/318/301 310/324/310
f 295/140/295 282/297/282 303/322/303
f 289/307/289 293/311/293 296/316/296
f 303/322/303 296/316/296 307/325/307
f 280/299/280 300/314/300 312/321/312
f 301/318/301 302/320/302 316/326/316
f 293/311/293 308/327/308 296/316/296
f 293/311/293 309/328/309 308/327/308
f 296/316/296 308/327/308 305/329/305
f 309/328/309 293/311/293 297/317/297
f 312/321/312 300/314/300 311/330/311
f 304/323/304 298/313/298 315/331/315
f 298/313/298 310/324/310 315/331/315
f 310/324/310 301/318/301 316/326/316
f 302/320/302 294/315/294 316/326/316
f 296/316/296 305/329/305 307/325/307
f 297/317/297 312/321/312 314/332/314
f 300/314/300 306/319/306 311/330/311
f 306/319/306 304/323/304 320/333/320
f 310/324/310 316/326/316 313/334/313
f 316/326/316 294/315/294 317/335/317
f 303/322/303 307/325/307 318/336/318
f 297/317/297 314/332/314 309/328/309
f 312/321/312 311/330/311 319/337/319
f 320/333/320 304/323/304 315/331/315
f 311/330/311 306/319/306 320/333/320
f 295/140/295 318/336/318 130/141/130
f 314/332/314 312/321/312 319/337/319
f 316/326/316 317/335/317 321/338/321
f 295/140/295 303/322/303 318/336/318
f 308/327/308 309/328/309 322/339/322
f 322/339/322 309/328/309 314/332/314
f 315/331/315 310/324/310 325/340/325
f 318/336/318 307/325/307 305/329/305
f 320/333/320 315/331/315 325/340/325
f 310/324/310 326/341/326 325/340/325
f 310/324/310 313/334/313 326/341/326
f 317/335/317 965/342/965 321/338/321
f 130/141/130 318/336/318 138/146/138
f 305/329/305 308/327/308 322/339/322
f 324/343/324 311/330/311 327/344/327
f 311/330/311 320/333/320 327/344/327
f 318/336/318 305/329/305 328/345/328
f 328/345/328 305/329/305 329/346/329
f 305/329/305 322/339/322 329/346/329
f 322/339/322 314/332/314 332/347/332
f 319/337/319 311/330/311 324/343/324
f 313/334/313 316/326/316 326/341/326
f 316/326/316 321/338/321 326/341/326
f 332/347/332 314/332/314 323/348/323
f 314/332/314 319/337/319 323/348/323
f 322/339/322 338/349/338 329/346/329
f 320/333/320 325/340/325 330/350/330
f 331/351/331 318/336/318 328/345/328
f 324/343/324 327/344/327 333/352/333
f 322/339/322 332/347/332 338/349/338
f 320/333/320 334/353/334 327/344/327
f 326/341/326 321/338/321 336/354/336
f 328/345/328 329/346/329 337/355/337
f 323/348/323 319/337/319 339/356/339
f 320/333/320 330/350/330 334/353/334
f 321/338/321 965/342/965 336/354/336
f 319/337/319 324/343/324 339/356/339
f 333/352/333 327/344/327 348/357/348
f 326/341/326 335/358/335 325/340/325
f 326/341/326 336/354/336 335/358/335
f 138/146/138 318/336/318 159/174/159
f 337/355/337 329/346/329 338/349/338
f 339/356/339 324/343/324 340/359/340
f 327/344/327 334/353/334 348/357/348
f 318/336/318 331/351/331 159/174/159
f 331/351/331 328/345/328 341/360/341
f 338/349/338 332/347/332 342/361/342
f 332/347/332 323/348/323 342/361/342
f 330/350/330 325/340/325 343/362/343
f 324/343/324 333/352/333 340/359/340
f 325/340/325 335/358/335 343/362/343
f 338/349/338 342/361/342 350/363/350
f 335/358/335 336/354/336 346/364/346
f 159/174/159 331/351/331 341/360/341
f 342/361/342 323/348/323 345/365/345
f 175/366/175 161/173/161 159/174/159
f 323/348/323 339/356/339 345/365/345
f 334/353/334 330/350/330 343/362/343
f 336/354/336 965/342/965 346/364/346
f 350/363/350 342/361/342 347/367/347
f 348/357/348 334/353/334 343/362/343
f 341/360/341 328/345/328 349/368/349
f 328/345/328 337/355/337 349/368/349
f 337/355/337 338/349/338 344/369/344
f 965/342/965 976/370/976 346/364/346
f 159/174/159 341/360/341 175/366/175
f 333/352/333 348/357/348 353/371/353
f 344/369/344 338/349/338 350/363/350
f 342/361/342 345/365/345 347/367/347
f 343/362/343 351/372/351 348/357/348
f 335/358/335 346/364/346 354/373/354
f 339/356/339 352/374/352 357/375/357
f 339/356/339 340/359/340 352/374/352
f 345/365/345 339/356/339 357/375/357
f 335/358/335 354/373/354 343/362/343
f 346/364/346 976/370/976 355/376/355
f 337/355/337 344/369/344 349/368/349
f 340/359/340 333/352/333 353/371/353
f 351/372/351 343/362/343 358/377/358
f 347/367/347 345/365/345 360/378/360
f 345/365/345 357/375/357 360/378/360
f 341/360/341 349/368/349 356/379/356
f 354/373/354 346/364/346 355/376/355
f 175/366/175 341/360/341 356/379/356
f 348/357/348 351/372/351 353/371/353
f 349/368/349 344/369/344 359/380/359
f 352/374/352 353/371/353 362/381/362
f 352/374/352 340/359/340 353/371/353
f 343/362/343 354/373/354 358/377/358
f 694/382/694 175/366/175 356/379/356
f 350/363/350 347/367/347 698/383/698
f 698/383/698 347/367/347 360/378/360
f 357/375/357 352/374/352 361/384/361
f 696/385/696 353/371/353 351/372/351
f 683/386/683 371/387/371 364/388/364
f 365/389/365 693/390/693 372/391/372
f 366/392/366 688/393/688 369/394/369
f 688/393/688 370/395/370 369/394/369
f 690/396/690 363/397/363 382/398/382
f 690/396/690 382/398/382 1/19/1
f 364/388/364 371/387/371 374/399/374
f 371/387/371 365/389/365 375/400/375
f 372/391/372 693/390/693 376/401/376
f 366/392/366 369/394/369 378/402/378
f 693/390/693 366/392/366 376/401/376
f 370/395/370 367/403/367 373/404/373
f 373/404/373 367/403/367 691/405/691
f 691/405/691 368/406/368 377/407/377
f 365/389/365 372/391/372 375/400/375
f 369/394/369 370/395/370 379/408/379
f 379/408/379 370/395/370 373/404/373
f 3/20/3 1/19/1 380/409/380
f 382/398/382 363/397/363 387/410/387
f 371/387/371 375/400/375 374/399/374
f 377/407/377 368/406/368 384/411/384
f 366/392/366 378/402/378 381/412/381
f 364/388/364 390/413/390 363/397/363
f 374/399/374 390/413/390 364/388/364
f 373/404/373 691/405/691 383/414/383
f 691/405/691 377/407/377 383/414/383
f 1/19/1 382/398/382 380/409/380
f 374/399/374 375/400/375 388/415/388
f 375/400/375 372/391/372 385/416/385
f 376/401/376 366/392/366 381/412/381
f 369/394/369 379/408/379 386/417/386
f 374/399/374 388/415/388 390/413/390
f 363/397/363 390/413/390 387/410/387
f 375/400/375 385/416/385 389/418/389
f 372/391/372 376/401/376 385/416/385
f 378/402/378 369/394/369 386/417/386
f 377/407/377 384/411/384 391/419/391
f 376/401/376 381/412/381 393/420/393
f 383/414/383 377/407/377 391/419/391
f 391/419/391 384/411/384 392/421/392
f 382/398/382 387/410/387 396/422/396
f 375/400/375 389/418/389 388/415/388
f 381/412/381 378/402/378 393/420/393
f 379/408/379 373/404/373 403/423/403
f 3/20/3 380/409/380 4/24/4
f 403/423/403 373/404/373 383/414/383
f 380/409/380 382/398/382 396/422/396
f 386/417/386 379/408/379 403/423/403
f 396/422/396 387/410/387 394/424/394
f 385/416/385 376/401/376 393/420/393
f 393/420/393 378/402/378 386/417/386
f 391/419/391 392/421/392 404/425/404
f 390/413/390 388/415/388 401/426/401
f 393/420/393 386/417/386 407/427/407
f 407/427/407 386/417/386 395/428/395
f 387/410/387 390/413/390 401/426/401
f 389/418/389 385/416/385 397/429/397
f 403/423/403 383/414/383 399/430/399
f 383/414/383 391/419/391 399/430/399
f 380/409/380 400/431/400 4/24/4
f 388/415/388 389/418/389 397/429/397
f 404/425/404 392/421/392 406/432/406
f 396/422/396 394/424/394 405/433/405
f 399/430/399 391/419/391 404/425/404
f 380/409/380 396/422/396 400/431/400
f 385/416/385 393/420/393 402/434/402
f 392/421/392 398/435/398 406/432/406
f 401/426/401 388/415/388 412/436/412
f 388/415/388 397/429/397 412/436/412
f 397/429/397 385/416/385 402/434/402
f 386/417/386 403/423/403 395/428/395
f 4/24/4 400/431/400 5/15/5
f 387/410/387 401/426/401 409/437/409
f 403/423/403 399/430/399 410/438/410
f 394/424/394 387/410/387 405/433/405
f 395/428/395 403/423/403 410/438/410
f 393/420/393 407/427/407 402/434/402
f 408/439/408 399/430/399 411/440/411
f 399/430/399 404/425/404 411/440/411
f 387/410/387 409/437/409 405/433/405
f 409/437/409 401/426/401 412/436/412
f 406/432/406 413/441/413 414/442/414
f 412/436/412 397/429/397 416/443/416
f 397/429/397 402/434/402 417/444/417
f 402/434/402 407/427/407 418/445/418
f 410/438/410 399/430/399 408/439/408
f 416/443/416 397/429/397 417/444/417
f 400/431/400 396/422/396 421/446/421
f 410/438/410 408/439/408 419/447/419
f 412/436/412 415/448/415 409/437/409
f 407/427/407 395/428/395 422/449/422
f 395/428/395 410/438/410 422/449/422
f 411/440/411 404/425/404 430/450/430
f 404/425/404 406/432/406 430/450/430
f 5/15/5 400/431/400 6/13/6
f 396/422/396 423/451/423 421/446/421
f 396/422/396 405/433/405 423/451/423
f 422/449/422 410/438/410 419/447/419
f 415/448/415 412/436/412 416/443/416
f 402/434/402 420/452/420 417/453/417
f 402/434/402 418/445/418 420/452/420
f 407/427/407 422/449/422 418/445/418
f 408/439/408 411/440/411 419/447/419
f 406/432/406 414/442/414 424/454/424
f 405/433/405 409/437/409 423/455/423
f 430/450/430 406/432/406 424/454/424
f 400/456/400 421/457/421 6/1/6
f 422/449/422 419/447/419 426/458/426
f 420/459/420 418/460/418 428/461/428
f 421/457/421 433/462/433 6/1/6
f 409/463/409 425/464/425 432/465/432
f 409/463/409 415/466/415 425/464/425
f 422/467/422 427/468/427 418/460/418
f 422/467/422 426/469/426 427/468/427
f 419/470/419 411/471/411 430/472/430
f 421/457/421 423/473/423 431/474/431
f 423/473/423 409/463/409 432/465/432
f 415/466/415 416/475/416 417/476/417
f 417/476/417 420/459/420 435/477/435
f 420/459/420 428/461/428 435/477/435
f 428/461/428 418/460/418 429/478/429
f 429/478/429 418/460/418 427/468/427
f 434/479/434 417/476/417 435/477/435
f 426/469/426 419/470/419 441/480/441
f 441/480/441 419/470/419 430/472/430
f 424/481/424 414/482/414 444/483/444
f 415/466/415 417/476/417 434/479/434
f 433/462/433 421/457/421 431/474/431
f 423/473/423 432/465/432 431/474/431
f 429/478/429 427/468/427 436/484/436
f 441/480/441 430/472/430 437/485/437
f 432/465/432 438/486/438 431/474/431
f 442/487/442 424/481/424 444/483/444
f 432/465/432 425/464/425 438/486/438
f 437/485/437 430/472/430 424/481/424
f 6/1/6 433/462/433 7/2/7
f 425/464/425 415/466/415 439/488/439
f 415/466/415 440/489/440 439/488/439
f 415/466/415 434/479/434 440/489/440
f 434/479/434 435/477/435 440/489/440
f 435/477/435 428/461/428 445/490/445
f 428/461/428 429/478/429 436/484/436
f 425/464/425 439/488/439 447/491/447
f 440/489/440 435/477/435 445/490/445
f 427/468/427 443/492/443 436/484/436
f 427/468/427 426/469/426 446/493/446
f 426/469/426 441/480/441 446/493/446
f 445/490/445 428/461/428 436/484/436
f 441/480/441 437/485/437 446/493/446
f 437/485/437 424/481/424 442/487/442
f 7/2/7 433/462/433 8/4/8
f 438/486/438 425/464/425 447/491/447
f 436/484/436 443/492/443 450/494/450
f 443/492/443 427/468/427 446/493/446
f 431/474/431 438/486/438 448/495/448
f 440/489/440 445/490/445 449/496/449
f 433/462/433 431/474/431 448/495/448
f 438/486/438 447/491/447 451/497/451
f 446/493/446 437/485/437 452/498/452
f 437/485/437 442/487/442 455/499/455
f 448/495/448 438/486/438 454/500/454
f 461/501/461 439/488/439 440/489/440
f 436/484/436 450/494/450 459/502/459
f 442/487/442 444/483/444 453/503/453
f 438/486/438 451/497/451 454/500/454
f 436/484/436 459/502/459 445/490/445
f 452/498/452 437/485/437 455/499/455
f 461/501/461 440/489/440 449/496/449
f 455/499/455 442/487/442 456/504/456
f 442/487/442 453/503/453 456/504/456
f 433/462/433 448/495/448 8/4/8
f 447/491/447 439/488/439 461/501/461
f 457/505/457 449/496/449 445/490/445
f 450/494/450 443/492/443 460/506/460
f 459/502/459 450/494/450 460/506/460
f 454/500/454 451/497/451 465/507/465
f 461/501/461 449/496/449 462/508/462
f 462/508/462 449/496/449 457/505/457
f 456/504/456 453/503/453 463/509/463
f 451/497/451 447/491/447 458/510/458
f 447/491/447 461/501/461 458/510/458
f 445/490/445 459/502/459 457/505/457
f 8/4/8 448/495/448 464/511/464
f 451/497/451 458/510/458 465/507/465
f 459/502/459 460/506/460 470/512/470
f 8/4/8 464/511/464 468/513/468
f 454/500/454 465/507/465 464/511/464
f 463/509/463 453/503/453 466/514/466
f 448/495/448 454/500/454 464/511/464
f 443/492/443 467/515/467 460/506/460
f 443/492/443 446/493/446 467/515/467
f 446/493/446 452/498/452 467/515/467
f 452/498/452 455/499/455 467/515/467
f 9/5/9 8/4/8 468/513/468
f 458/510/458 461/501/461 472/516/472
f 461/501/461 462/508/462 472/516/472
f 467/515/467 455/499/455 469/517/469
f 457/505/457 459/502/459 473/518/473
f 470/512/470 460/506/460 471/519/471
f 456/504/456 463/509/463 469/517/469
f 459/502/459 470/512/470 473/518/473
f 455/499/455 456/504/456 469/517/469
f 469/517/469 463/509/463 474/520/474
f 465/507/465 458/510/458 476/521/476
f 476/521/476 458/510/458 472/516/472
f 460/506/460 467/515/467 471/519/471
f 462/508/462 457/505/457 475/522/475
f 468/513/468 464/511/464 485/523/485
f 464/511/464 465/507/465 476/521/476
f 472/516/472 462/508/462 475/522/475
f 457/505/457 473/518/473 475/522/475
f 471/519/471 477/524/477 470/512/470
f 463/509/463 466/514/466 474/520/474
f 473/518/473 470/512/470 479/525/479
f 464/511/464 476/521/476 481/526/481
f 469/517/469 474/520/474 488/527/488
f 9/5/9 468/513/468 480/10/480
f 480/10/480 468/513/468 485/523/485
f 476/521/476 472/516/472 481/526/481
f 478/528/478 472/516/472 482/529/482
f 475/522/475 473/518/473 483/530/483
f 479/525/479 470/512/470 477/524/477
f 467/515/467 469/517/469 484/531/484
f 472/516/472 478/528/478 481/526/481
f 472/516/472 475/522/475 482/529/482
f 477/524/477 471/519/471 486/532/486
f 473/518/473 479/525/479 483/530/483
f 471/519/471 467/515/467 484/531/484
f 10/11/10 480/10/480 11/28/11
f 477/524/477 486/532/486 489/533/489
f 481/526/481 478/528/478 487/534/487
f 486/532/486 471/519/471 484/531/484
f 485/523/485 464/511/464 490/535/490
f 464/511/464 481/526/481 490/535/490
f 481/526/481 487/534/487 490/535/490
f 482/529/482 475/522/475 496/536/496
f 484/531/484 491/537/491 486/532/486
f 480/10/480 485/523/485 498/9/498
f 499/538/499 485/523/485 490/535/490
f 475/522/475 483/530/483 496/536/496
f 483/530/483 479/525/479 497/539/497
f 479/525/479 477/524/477 489/533/489
f 498/9/498 485/523/485 499/538/499
f 469/517/469 488/527/488 492/540/492
f 11/28/11 480/10/480 498/9/498
f 487/534/487 478/528/478 482/529/482
f 469/517/469 492/540/492 484/531/484
f 496/536/496 483/530/483 493/541/493
f 483/530/483 497/539/497 493/541/493
f 479/525/479 489/533/489 497/539/497
f 488/527/488 474/520/474 503/542/503
f 499/538/499 490/535/490 494/543/494
f 490/535/490 487/534/487 494/543/494
f 497/539/497 489/533/489 513/544/513
f 487/534/487 482/529/482 495/545/495
f 484/531/484 492/540/492 501/546/501
f 492/540/492 488/527/488 503/542/503
f 11/28/11 498/9/498 18/16/18
f 494/543/494 487/534/487 502/547/502
f 495/545/495 482/529/482 496/536/496
f 493/541/493 497/539/497 505/548/505
f 489/533/489 500/549/500 513/544/513
f 489/533/489 486/532/486 500/549/500
f 491/537/491 484/531/484 501/546/501
f 487/534/487 495/545/495 502/547/502
f 486/532/486 491/537/491 500/549/500
f 492/540/492 506/550/506 501/546/501
f 492/540/492 503/542/503 506/550/506
f 498/9/498 499/538/499 507/551/507
f 499/538/499 494/543/494 507/551/507
f 496/536/496 493/541/493 508/552/508
f 491/537/491 501/546/501 500/549/500
f 506/550/506 503/542/503 504/553/504
f 501/546/501 506/550/506 510/554/510
f 507/551/507 494/543/494 509/555/509
f 496/536/496 508/552/508 495/545/495
f 508/552/508 493/541/493 505/548/505
f 505/548/505 497/539/497 512/556/512
f 505/548/505 512/556/512 511/557/511
f 497/539/497 513/544/513 512/556/512
f 501/546/501 516/558/516 500/549/500
f 513/544/513 500/549/500 514/559/514
f 507/551/507 509/555/509 515/560/515
f 498/9/498 507/551/507 12/7/12
f 12/7/12 507/551/507 517/561/517
f 494/543/494 502/547/502 518/562/518
f 502/547/502 495/545/495 519/563/519
f 495/545/495 508/552/508 519/563/519
f 508/552/508 505/548/505 511/557/511
f 500/549/500 516/558/516 514/559/514
f 517/561/517 507/551/507 515/560/515
f 494/543/494 518/562/518 509/555/509
f 516/558/516 501/546/501 520/201/520
f 518/562/518 502/547/502 521/564/521
f 502/547/502 519/563/519 521/564/521
f 513/544/513 514/559/514 512/556/512
f 501/546/501 510/554/510 520/201/520
f 512/556/512 514/559/514 523/565/523
f 516/558/516 520/201/520 527/200/527
f 514/559/514 516/558/516 524/211/524
f 509/555/509 518/562/518 190/213/190
f 508/552/508 511/557/511 181/194/181
f 512/556/512 523/565/523 511/557/511
f 510/554/510 506/550/506 522/566/522
f 515/560/515 509/555/509 190/213/190
f 519/563/519 508/552/508 181/194/181
f 511/557/511 523/565/523 525/196/525
f 514/559/514 184/197/184 523/565/523
f 514/559/514 524/211/524 184/197/184
f 181/194/181 511/557/511 183/204/183
f 522/566/522 528/202/528 510/554/510
f 12/7/12 517/561/517 180/18/180
f 517/561/517 515/560/515 526/208/526
f 190/213/190 518/562/518 521/564/521
f 183/204/183 511/557/511 525/196/525
f 524/211/524 516/558/516 527/200/527
f 520/201/520 510/554/510 528/202/528
f 521/564/521 519/563/519 181/194/181
f 525/196/525 523/565/523 184/197/184
f 515/560/515 190/213/190 189/216/189
f 517/561/517 526/208/526 180/18/180
f 190/213/190 521/564/521 193/193/193
f 526/208/526 515/560/515 186/209/186
f 515/560/515 189/216/189 186/209/186
f 521/564/521 181/194/181 193/193/193
f 181/194/181 183/204/183 182/203/182
f 184/197/184 524/211/524 194/206/194
f 524/211/524 527/200/527 185/207/185
f 832/567/832 837/568/837 529/569/529
f 838/570/838 840/571/840 541/572/541
f 535/573/535 531/574/531 532/575/532
f 842/576/842 530/577/530 543/578/543
f 839/579/839 831/580/831 536/581/536
f 831/580/831 531/574/531 536/581/536
f 532/575/532 533/582/533 535/573/535
f 837/568/837 835/583/835 537/584/537
f 839/579/839 536/581/536 534/585/534
f 535/573/535 533/582/533 539/586/539
f 838/570/838 541/572/541 540/587/540
f 165/169/165 529/569/529 542/588/542
f 841/589/841 842/576/842 538/590/538
f 530/577/530 839/579/839 534/585/534
f 838/570/838 540/587/540 550/591/550
f 541/572/541 843/592/843 544/593/544
f 533/582/533 838/570/838 550/591/550
f 529/569/529 837/568/837 542/588/542
f 835/583/835 841/589/841 537/584/537
f 165/169/165 542/588/542 156/175/156
f 837/568/837 537/584/537 542/588/542
f 538/590/538 842/576/842 543/578/543
f 536/581/536 531/574/531 545/594/545
f 545/594/545 531/574/531 535/573/535
f 535/573/535 539/586/539 546/595/546
f 533/582/533 550/591/550 539/586/539
f 841/589/841 547/596/547 537/584/537
f 535/573/535 546/595/546 548/597/548
f 540/587/540 541/572/541 549/598/549
f 549/598/549 541/572/541 544/593/544
f 841/589/841 538/590/538 547/596/547
f 530/577/530 534/585/534 543/578/543
f 543/578/543 534/585/534 551/599/551
f 535/573/535 548/597/548 545/594/545
f 540/587/540 549/598/549 557/600/557
f 538/590/538 543/578/543 556/601/556
f 534/585/534 536/581/536 551/599/551
f 546/595/546 539/586/539 550/591/550
f 542/588/542 558/602/558 156/175/156
f 543/578/543 551/599/551 556/601/556
f 537/584/537 547/596/547 552/603/552
f 551/599/551 536/581/536 553/604/553
f 554/605/554 548/597/548 555/606/555
f 548/597/548 546/595/546 555/606/555
f 549/598/549 544/593/544 561/607/561
f 544/593/544 970/608/970 561/607/561
f 542/588/542 537/584/537 558/602/558
f 537/584/537 552/603/552 559/609/559
f 547/596/547 538/590/538 556/601/556
f 536/581/536 545/594/545 553/604/553
f 550/591/550 540/587/540 557/600/557
f 558/602/558 537/584/537 559/609/559
f 545/594/545 548/597/548 554/605/554
f 551/599/551 553/604/553 556/601/556
f 546/595/546 550/591/550 557/600/557
f 156/175/156 558/602/558 151/152/151
f 557/600/557 549/598/549 560/610/560
f 559/609/559 552/603/552 562/611/562
f 553/604/553 545/594/545 565/612/565
f 556/601/556 567/613/567 547/596/547
f 545/594/545 554/605/554 565/612/565
f 546/595/546 557/600/557 564/614/564
f 558/602/558 559/609/559 569/615/569
f 555/606/555 546/595/546 563/616/563
f 563/616/563 546/595/546 564/614/564
f 549/598/549 561/607/561 560/610/560
f 561/607/561 970/608/970 566/617/566
f 565/612/565 554/605/554 568/618/568
f 552/603/552 547/596/547 567/613/567
f 151/152/151 558/602/558 569/615/569
f 567/613/567 556/601/556 570/619/570
f 556/601/556 553/604/553 570/619/570
f 553/604/553 565/612/565 572/620/572
f 559/609/559 562/611/562 569/615/569
f 554/605/554 555/606/555 568/618/568
f 151/152/151 569/615/569 127/136/127
f 567/613/567 571/621/571 552/603/552
f 570/619/570 553/604/553 572/620/572
f 560/610/560 561/607/561 573/622/573
f 568/618/568 555/606/555 563/616/563
f 557/600/557 560/610/560 573/622/573
f 561/607/561 566/617/566 576/623/576
f 567/613/567 570/619/570 574/624/574
f 572/620/572 565/612/565 585/625/585
f 564/614/564 557/600/557 573/622/573
f 576/623/576 573/622/573 561/607/561
f 562/611/562 575/626/575 569/615/569
f 562/611/562 552/603/552 581/627/581
f 552/603/552 571/621/571 581/627/581
f 585/625/585 565/612/565 568/618/568
f 563/616/563 564/614/564 577/628/577
f 575/626/575 562/611/562 581/627/581
f 567/613/567 574/624/574 571/621/571
f 563/616/563 577/628/577 582/629/582
f 570/619/570 572/620/572 574/624/574
f 568/618/568 563/616/563 582/629/582
f 569/615/569 575/626/575 580/630/580
f 571/621/571 574/624/574 579/631/579
f 585/625/585 568/618/568 582/629/582
f 578/632/578 127/136/127 580/630/580
f 127/136/127 569/615/569 580/630/580
f 573/622/573 576/623/576 583/633/583
f 127/136/127 578/632/578 108/120/108
f 574/624/574 572/620/572 585/625/585
f 585/625/585 582/629/582 590/634/590
f 576/623/576 566/617/566 584/635/584
f 564/614/564 573/622/573 586/636/586
f 571/621/571 579/631/579 588/637/588
f 564/614/564 586/636/586 577/628/577
f 576/623/576 584/635/584 587/638/587
f 580/630/580 575/626/575 594/639/594
f 573/622/573 583/633/583 586/636/586
f 581/627/581 598/640/598 575/626/575
f 581/627/581 571/621/571 589/641/589
f 591/642/591 576/623/576 587/638/587
f 594/639/594 575/626/575 598/640/598
f 574/624/574 585/625/585 592/643/592
f 583/633/583 576/623/576 591/642/591
f 578/632/578 593/644/593 108/120/108
f 578/632/578 580/630/580 593/644/593
f 571/621/571 588/637/588 589/641/589
f 590/634/590 582/629/582 595/645/595
f 595/645/595 582/629/582 577/628/577
f 583/633/583 591/642/591 586/636/586
f 598/640/598 581/627/581 589/641/589
f 577/628/577 586/636/586 597/646/597
f 584/635/584 925/647/925 587/638/587
f 579/631/579 574/624/574 588/637/588
f 574/624/574 592/643/592 596/648/596
f 595/645/595 577/628/577 597/646/597
f 585/625/585 590/634/590 592/643/592
f 586/636/586 591/642/591 600/649/600
f 580/630/580 594/639/594 593/644/593
f 594/639/594 598/640/598 602/650/602
f 596/648/596 588/637/588 574/624/574
f 603/651/603 590/634/590 595/645/595
f 595/645/595 597/646/597 604/652/604
f 598/640/598 589/641/589 599/653/599
f 589/641/589 588/637/588 599/653/599
f 587/638/587 925/647/925 601/654/601
f 587/638/587 601/654/601 591/642/591
f 108/120/108 593/644/593 609/106/609
f 608/655/608 594/639/594 602/650/602
f 592/643/592 590/634/590 603/651/603
f 603/651/603 595/645/595 604/652/604
f 596/648/596 592/643/592 607/656/607
f 591/642/591 605/657/605 600/649/600
f 94/103/94 108/120/108 609/106/609
f 593/644/593 594/639/594 608/655/608
f 598/640/598 599/653/599 602/650/602
f 603/651/603 604/652/604 611/658/611
f 604/652/604 597/646/597 613/659/613
f 591/642/591 601/654/601 606/660/606
f 602/650/602 599/653/599 615/661/615
f 599/653/599 588/637/588 596/648/596
f 607/656/607 592/643/592 610/662/610
f 591/642/591 606/660/606 605/657/605
f 599/653/599 612/663/612 615/661/615
f 604/652/604 613/659/613 611/658/611
f 593/644/593 608/655/608 614/664/614
f 599/653/599 596/648/596 616/665/616
f 609/106/609 593/644/593 614/664/614
f 608/655/608 602/650/602 615/661/615
f 597/646/597 586/636/586 613/659/613
f 605/657/605 606/660/606 629/666/629
f 596/648/596 607/656/607 617/667/617
f 607/656/607 610/662/610 617/667/617
f 613/659/613 586/636/586 618/668/618
f 614/664/614 608/655/608 619/669/619
f 608/655/608 615/661/615 619/669/619
f 610/662/610 592/643/592 603/651/603
f 586/636/586 600/649/600 618/668/618
f 612/663/612 599/653/599 616/665/616
f 603/651/603 611/658/611 620/670/620
f 600/649/600 605/657/605 618/668/618
f 610/662/610 603/651/603 620/670/620
f 613/659/613 618/668/618 622/671/622
f 609/106/609 614/664/614 621/672/621
f 596/648/596 617/667/617 616/665/616
f 618/668/618 605/657/605 629/666/629
f 609/106/609 621/672/621 72/82/72
f 615/661/615 612/663/612 625/673/625
f 625/673/625 612/663/612 616/665/616
f 616/665/616 617/667/617 624/674/624
f 72/82/72 621/672/621 83/675/83
f 619/669/619 615/661/615 623/676/623
f 615/661/615 625/673/625 623/676/623
f 611/658/611 613/659/613 634/677/634
f 616/665/616 624/674/624 626/678/626
f 634/677/634 613/659/613 627/679/627
f 624/674/624 617/667/617 628/680/628
f 611/658/611 634/677/634 620/670/620
f 627/679/627 613/659/613 622/671/622
f 628/680/628 617/667/617 630/681/630
f 617/667/617 610/662/610 630/681/630
f 610/662/610 620/670/620 630/681/630
f 622/671/622 618/668/618 631/682/631
f 616/665/616 626/678/626 633/683/633
f 83/675/83 58/71/58 72/82/72
f 614/664/614 619/669/619 621/672/621
f 625/673/625 616/665/616 633/683/633
f 622/671/622 631/682/631 627/679/627
f 621/672/621 619/669/619 636/684/636
f 636/684/636 619/669/619 632/685/632
f 619/669/619 623/676/623 632/685/632
f 618/668/618 639/686/639 631/682/631
f 633/683/633 626/678/626 624/674/624
f 639/686/639 618/668/618 629/666/629
f 623/676/623 625/673/625 635/687/635
f 632/685/632 623/676/623 635/687/635
f 620/670/620 634/677/634 643/688/643
f 627/679/627 631/682/631 638/689/638
f 83/675/83 621/672/621 58/71/58
f 633/683/633 624/674/624 640/690/640
f 624/674/624 628/680/628 642/691/642
f 628/680/628 630/681/630 645/692/645
f 634/677/634 637/693/637 643/688/643
f 627/679/627 638/689/638 634/677/634
f 632/685/632 635/687/635 641/694/641
f 629/666/629 886/695/886 639/686/639
f 640/690/640 624/674/624 642/691/642
f 621/672/621 636/684/636 644/696/644
f 636/684/636 632/685/632 649/697/649
f 632/685/632 641/694/641 648/698/648
f 635/687/635 625/673/625 646/699/646
f 625/673/625 633/683/633 646/699/646
f 642/691/642 628/680/628 645/692/645
f 630/681/630 620/670/620 647/700/647
f 645/692/645 630/681/630 647/700/647
f 621/672/621 644/696/644 58/71/58
f 620/670/620 643/688/643 647/700/647
f 634/677/634 638/689/638 637/693/637
f 631/682/631 639/686/639 653/701/653
f 644/696/644 636/684/636 649/697/649
f 632/685/632 648/698/648 649/697/649
f 646/699/646 633/683/633 650/702/650
f 631/682/631 653/701/653 638/689/638
f 639/686/639 886/695/886 654/703/654
f 635/687/635 646/699/646 641/694/641
f 633/683/633 640/690/640 650/702/650
f 643/688/643 637/693/637 651/704/651
f 637/693/637 638/689/638 651/704/651
f 653/701/653 639/686/639 654/703/654
f 657/705/657 650/702/650 640/690/640
f 648/698/648 641/694/641 655/706/655
f 53/62/53 58/71/58 644/696/644
f 649/697/649 648/698/648 656/707/656
f 640/690/640 642/691/642 657/705/657
f 643/688/643 651/704/651 658/708/658
f 651/704/651 638/689/638 660/709/660
f 648/698/648 655/706/655 659/710/659
f 641/694/641 646/699/646 655/706/655
f 638/689/638 653/701/653 660/709/660
f 53/62/53 644/696/644 30/40/30
f 657/705/657 642/691/642 661/711/661
f 656/707/656 648/698/648 659/710/659
f 642/691/642 645/692/645 661/711/661
f 644/696/644 649/697/649 662/712/662
f 645/692/645 647/700/647 670/713/670
f 647/700/647 643/688/643 658/708/658
f 662/712/662 649/697/649 656/707/656
f 657/705/657 661/711/661 667/714/667
f 647/700/647 658/708/658 670/713/670
f 658/708/658 651/704/651 660/709/660
f 653/701/653 654/703/654 663/715/663
f 646/699/646 650/702/650 664/716/664
f 654/703/654 866/717/866 663/715/663
f 654/703/654 652/718/652 866/717/866
f 644/696/644 662/712/662 665/39/665
f 655/706/655 646/699/646 664/716/664
f 650/702/650 657/705/657 666/719/666
f 659/710/659 655/706/655 668/720/668
f 655/706/655 664/716/664 668/720/668
f 664/716/664 650/702/650 669/721/669
f 650/702/650 666/719/666 669/721/669
f 661/711/661 645/692/645 670/713/670
f 30/40/30 644/696/644 665/39/665
f 656/707/656 659/710/659 662/712/662
f 661/711/661 671/722/671 667/714/667
f 657/705/657 667/714/667 666/719/666
f 661/711/661 670/713/670 671/722/671
f 658/708/658 660/709/660 676/723/676
f 660/709/660 653/701/653 672/724/672
f 653/701/653 663/715/663 674/725/674
f 668/720/668 664/716/664 669/721/669
f 660/709/660 672/724/672 673/726/673
f 672/724/672 653/701/653 674/725/674
f 667/714/667 671/722/671 679/727/679
f 660/709/660 673/726/673 677/728/677
f 663/715/663 866/717/866 675/729/675
f 665/39/665 662/712/662 687/730/687
f 662/712/662 659/710/659 678/731/678
f 678/731/678 659/710/659 668/720/668
f 676/723/676 660/709/660 677/728/677
f 666/719/666 667/714/667 679/727/679
f 671/722/671 670/713/670 680/732/680
f 670/713/670 658/708/658 680/732/680
f 681/21/681 665/39/665 687/730/687
f 687/730/687 662/712/662 678/731/678
f 669/721/669 666/719/666 682/733/682
f 680/732/680 658/708/658 676/723/676
f 672/724/672 674/725/674 673/726/673
f 683/386/683 668/720/668 669/721/669
f 666/719/666 679/727/679 682/733/682
f 679/727/679 671/722/671 684/734/684
f 671/722/671 685/735/685 684/734/684
f 671/722/671 680/732/680 685/735/685
f 680/732/680 676/723/676 688/393/688
f 676/723/676 686/736/686 688/393/688
f 663/715/663 675/729/675 689/737/689
f 364/388/364 668/720/668 683/386/683
f 679/727/679 684/734/684 682/733/682
f 676/723/676 677/728/677 686/736/686
f 674/725/674 663/715/663 689/737/689
f 678/731/678 668/720/668 364/388/364
f 680/732/680 688/393/688 685/735/685
f 687/730/687 678/731/678 690/396/690
f 683/386/683 669/721/669 365/389/365
f 669/721/669 682/733/682 365/389/365
f 677/728/677 673/726/673 691/405/691
f 690/396/690 678/731/678 364/388/364
f 684/734/684 685/735/685 692/738/692
f 686/736/686 677/728/677 367/403/367
f 681/21/681 687/730/687 2/23/2
f 693/390/693 682/733/682 684/734/684
f 673/726/673 674/725/674 368/406/368
f 687/730/687 690/396/690 2/23/2
f 684/734/684 692/738/692 693/390/693
f 677/728/677 691/405/691 367/403/367
f 674/725/674 689/737/689 368/406/368
f 683/386/683 365/389/365 371/387/371
f 682/733/682 693/390/693 365/389/365
f 692/738/692 685/735/685 688/393/688
f 688/393/688 686/736/686 370/395/370
f 686/736/686 367/403/367 370/395/370
f 363/397/363 690/396/690 364/388/364
f 673/726/673 368/406/368 691/405/691
f 1/19/1 2/23/2 690/396/690
f 692/738/692 366/392/366 693/390/693
f 692/738/692 688/393/688 366/392/366
f 344/369/344 350/363/350 359/380/359
f 357/375/357 361/384/361 360/378/360
f 350/363/350 698/383/698 359/380/359
f 698/383/698 360/378/360 695/739/695
f 361/384/361 352/374/352 697/740/697
f 362/381/362 353/371/353 696/385/696
f 360/378/360 361/384/361 695/739/695
f 352/374/352 362/381/362 702/741/702
f 356/379/356 349/368/349 699/742/699
f 349/368/349 359/380/359 699/742/699
f 695/739/695 361/384/361 701/743/701
f 359/380/359 698/383/698 700/744/700
f 352/374/352 702/741/702 697/740/697
f 175/366/175 694/382/694 161/173/161
f 359/380/359 700/744/700 699/742/699
f 362/381/362 703/745/703 702/741/702
f 696/385/696 351/372/351 705/746/705
f 351/372/351 358/377/358 705/746/705
f 358/377/358 354/373/354 705/746/705
f 161/173/161 694/382/694 706/192/706
f 698/383/698 695/739/695 707/747/707
f 361/384/361 697/740/697 701/743/701
f 705/746/705 354/373/354 704/748/704
f 161/173/161 706/192/706 155/166/155
f 700/744/700 698/383/698 707/747/707
f 362/381/362 696/385/696 703/745/703
f 707/747/707 695/739/695 701/743/701
f 708/749/708 696/385/696 705/746/705
f 705/746/705 704/748/704 709/750/709
f 704/748/704 354/373/354 355/376/355
f 699/742/699 700/744/700 710/751/710
f 701/743/701 697/740/697 711/752/711
f 696/385/696 708/749/708 703/745/703
f 697/740/697 702/741/702 711/752/711
f 355/376/355 978/753/978 712/754/712
f 694/382/694 356/379/356 713/755/713
f 700/744/700 707/747/707 710/751/710
f 356/379/356 699/742/699 713/755/713
f 699/742/699 710/751/710 713/755/713
f 704/748/704 355/376/355 712/754/712
f 694/382/694 713/755/713 706/192/706
f 710/751/710 707/747/707 720/756/720
f 707/747/707 701/743/701 714/757/714
f 708/749/708 705/746/705 709/750/709
f 713/755/713 710/751/710 715/758/715
f 711/752/711 702/741/702 719/759/719
f 702/741/702 723/760/723 719/759/719
f 702/741/702 703/745/703 723/760/723
f 716/761/716 703/745/703 717/762/717
f 703/745/703 708/749/708 717/762/717
f 720/756/720 707/747/707 714/757/714
f 701/743/701 711/752/711 719/759/719
f 703/745/703 716/761/716 723/760/723
f 706/192/706 713/755/713 718/763/718
f 710/751/710 720/756/720 715/758/715
f 701/743/701 719/759/719 714/757/714
f 717/762/717 708/749/708 709/750/709
f 704/748/704 712/754/712 724/764/724
f 713/755/713 715/758/715 718/763/718
f 724/764/724 712/754/712 722/765/722
f 706/192/706 718/763/718 174/184/174
f 721/766/721 719/759/719 723/760/723
f 720/756/720 714/757/714 726/767/726
f 719/759/719 721/766/721 714/757/714
f 709/750/709 704/748/704 727/768/727
f 717/762/717 709/750/709 727/768/727
f 704/748/704 724/764/724 727/768/727
f 712/754/712 983/769/983 722/765/722
f 723/760/723 716/761/716 729/770/729
f 174/184/174 718/763/718 725/191/725
f 726/767/726 714/757/714 728/771/728
f 714/757/714 721/766/721 728/771/728
f 721/766/721 723/760/723 730/772/730
f 723/760/723 729/770/729 731/773/731
f 716/761/716 717/762/717 729/770/729
f 722/765/722 983/769/983 985/774/985
f 717/762/717 727/768/727 732/775/732
f 715/758/715 720/756/720 733/776/733
f 723/760/723 731/773/731 730/772/730
f 162/172/162 725/191/725 179/187/179
f 718/763/718 715/758/715 740/777/740
f 724/764/724 722/765/722 737/778/737
f 717/762/717 732/775/732 735/779/735
f 740/777/740 715/758/715 738/780/738
f 720/756/720 726/767/726 733/776/733
f 732/775/732 727/768/727 736/781/736
f 725/191/725 718/763/718 740/777/740
f 715/758/715 733/776/733 738/780/738
f 728/771/728 734/782/734 726/767/726
f 727/768/727 724/764/724 737/778/737
f 731/773/731 729/770/729 741/783/741
f 729/770/729 717/762/717 735/779/735
f 727/768/727 737/778/737 736/781/736
f 728/771/728 721/766/721 739/784/739
f 721/766/721 730/772/730 739/784/739
f 732/775/732 736/781/736 746/785/746
f 737/778/737 722/765/722 985/774/985
f 736/781/736 737/778/737 742/786/742
f 725/191/725 740/777/740 179/187/179
f 734/782/734 728/771/728 739/784/739
f 730/772/730 731/773/731 741/783/741
f 729/770/729 735/779/735 746/785/746
f 735/779/735 732/775/732 746/785/746
f 743/787/743 746/785/746 736/781/736
f 179/187/179 745/788/745 169/180/169
f 741/783/741 729/770/729 746/785/746
f 739/784/739 730/772/730 744/789/744
f 737/778/737 985/774/985 751/790/751
f 179/187/179 740/777/740 745/788/745
f 733/776/733 726/767/726 750/791/750
f 742/786/742 737/778/737 747/792/747
f 740/777/740 738/780/738 748/793/748
f 739/784/739 744/789/744 734/782/734
f 169/180/169 745/788/745 178/181/178
f 726/767/726 734/782/734 750/791/750
f 738/780/738 733/776/733 748/793/748
f 752/794/752 730/772/730 741/783/741
f 741/783/741 746/785/746 757/795/757
f 736/781/736 742/786/742 743/787/743
f 737/778/737 751/790/751 747/792/747
f 733/776/733 750/791/750 749/796/749
f 734/782/734 744/789/744 755/797/755
f 730/772/730 752/794/752 744/789/744
f 743/787/743 742/786/742 754/798/754
f 742/786/742 747/792/747 753/799/753
f 750/791/750 734/782/734 755/797/755
f 742/786/742 753/799/753 754/798/754
f 740/777/740 748/793/748 745/788/745
f 733/776/733 756/800/756 748/793/748
f 733/776/733 749/796/749 756/800/756
f 752/794/752 741/783/741 757/795/757
f 746/785/746 743/787/743 759/801/759
f 755/797/755 744/789/744 760/802/760
f 744/789/744 752/794/752 760/802/760
f 746/785/746 759/801/759 757/795/757
f 743/787/743 754/798/754 759/801/759
f 754/798/754 753/799/753 758/803/758
f 178/181/178 745/788/745 173/186/173
f 757/795/757 759/801/759 765/804/765
f 752/794/752 757/795/757 763/805/763
f 747/792/747 751/790/751 771/806/771
f 745/788/745 748/793/748 775/807/775
f 763/805/763 757/795/757 764/808/764
f 748/793/748 756/800/756 766/809/766
f 753/799/753 747/792/747 761/810/761
f 747/792/747 771/806/771 761/810/761
f 173/186/173 745/788/745 775/807/775
f 749/796/749 750/791/750 762/811/762
f 750/791/750 755/797/755 762/811/762
f 752/794/752 763/805/763 760/802/760
f 757/795/757 765/804/765 764/808/764
f 759/801/759 754/798/754 767/812/767
f 759/801/759 767/812/767 765/804/765
f 753/799/753 761/810/761 758/803/758
f 775/807/775 748/793/748 768/813/768
f 749/796/749 762/811/762 769/814/769
f 764/808/764 765/804/765 770/815/770
f 748/793/748 766/809/766 768/813/768
f 755/797/755 760/802/760 762/811/762
f 756/800/756 749/796/749 769/814/769
f 763/805/763 764/808/764 773/816/773
f 766/809/766 756/800/756 774/817/774
f 773/816/773 764/808/764 770/815/770
f 754/798/754 758/803/758 778/818/778
f 762/811/762 760/802/760 772/819/772
f 761/810/761 776/820/776 758/803/758
f 761/810/761 771/806/771 776/820/776
f 754/798/754 778/818/778 777/821/777
f 760/802/760 763/805/763 780/822/780
f 780/822/780 763/805/763 773/816/773
f 778/818/778 758/803/758 776/820/776
f 177/189/177 173/186/173 775/807/775
f 782/823/782 762/811/762 772/819/772
f 772/819/772 760/802/760 780/822/780
f 767/812/767 781/824/781 784/825/784
f 767/812/767 754/798/754 781/824/781
f 756/800/756 769/814/769 774/817/774
f 762/811/762 782/823/782 769/814/769
f 765/804/765 767/812/767 784/825/784
f 754/798/754 777/821/777 781/824/781
f 775/807/775 768/813/768 783/190/783
f 768/813/768 766/809/766 785/826/785
f 177/189/177 775/807/775 783/190/783
f 773/816/773 770/815/770 787/827/787
f 770/815/770 765/804/765 787/827/787
f 771/806/771 779/828/779 776/820/776
f 774/817/774 769/814/769 782/823/782
f 787/827/787 765/804/765 784/825/784
f 782/823/782 772/819/772 788/829/788
f 784/825/784 781/824/781 789/830/789
f 778/818/778 791/831/791 777/821/777
f 783/190/783 768/813/768 790/832/790
f 780/822/780 786/833/786 772/819/772
f 778/818/778 776/820/776 791/831/791
f 792/834/792 766/809/766 774/817/774
f 774/817/774 782/823/782 796/835/796
f 780/822/780 773/816/773 794/836/794
f 776/820/776 779/828/779 800/837/800
f 790/832/790 768/813/768 785/826/785
f 785/826/785 766/809/766 792/834/792
f 788/829/788 772/819/772 793/838/793
f 773/816/773 787/827/787 794/836/794
f 781/824/781 777/821/777 795/839/795
f 777/821/777 791/831/791 795/839/795
f 791/831/791 776/820/776 805/840/805
f 792/834/792 774/817/774 796/835/796
f 786/833/786 780/822/780 794/836/794
f 168/179/168 783/190/783 176/183/176
f 782/823/782 788/829/788 796/835/796
f 176/183/176 783/190/783 790/832/790
f 772/819/772 786/833/786 793/838/793
f 784/825/784 804/841/804 787/827/787
f 804/841/804 784/825/784 789/830/789
f 789/830/789 781/824/781 797/842/797
f 805/840/805 776/820/776 800/837/800
f 792/834/792 796/835/796 801/843/801
f 804/841/804 789/830/789 797/842/797
f 781/824/781 795/839/795 797/842/797
f 790/832/790 785/826/785 798/844/798
f 785/826/785 792/834/792 798/844/798
f 794/836/794 787/827/787 804/841/804
f 796/835/796 788/829/788 802/845/802
f 799/846/799 796/835/796 802/845/802
f 792/834/792 801/843/801 798/844/798
f 786/833/786 803/847/803 793/838/793
f 786/833/786 794/836/794 808/848/808
f 794/836/794 804/841/804 808/848/808
f 797/842/797 795/839/795 809/849/809
f 795/839/795 791/831/791 806/850/806
f 801/843/801 796/835/796 799/846/799
f 786/833/786 808/848/808 803/847/803
f 788/829/788 793/838/793 807/851/807
f 791/831/791 805/840/805 812/852/812
f 176/183/176 790/832/790 810/188/810
f 802/845/802 788/829/788 807/851/807
f 807/851/807 793/838/793 803/847/803
f 804/841/804 797/842/797 809/849/809
f 806/850/806 791/831/791 812/852/812
f 800/837/800 984/853/984 815/854/815
f 790/832/790 798/844/798 810/188/810
f 801/843/801 799/846/799 813/855/813
f 795/839/795 806/850/806 809/849/809
f 805/840/805 800/837/800 814/856/814
f 812/852/812 805/840/805 814/856/814
f 810/188/810 798/844/798 811/857/811
f 798/844/798 801/843/801 811/857/811
f 800/837/800 815/854/815 814/856/814
f 811/857/811 801/843/801 813/855/813
f 804/841/804 809/849/809 818/858/818
f 799/846/799 802/845/802 816/859/816
f 803/847/803 808/848/808 817/860/817
f 808/848/808 804/841/804 818/858/818
f 810/188/810 811/857/811 821/861/821
f 813/855/813 799/846/799 819/862/819
f 817/860/817 808/848/808 818/858/818
f 806/850/806 812/852/812 822/863/822
f 802/845/802 807/851/807 824/864/824
f 816/859/816 802/845/802 824/864/824
f 818/858/818 809/849/809 820/865/820
f 820/865/820 809/849/809 822/863/822
f 809/849/809 806/850/806 822/863/822
f 810/188/810 821/861/821 170/182/170
f 826/866/826 813/855/813 819/862/819
f 824/864/824 807/851/807 827/867/827
f 811/857/811 813/855/813 825/868/825
f 825/868/825 813/855/813 826/866/826
f 799/846/799 816/859/816 819/862/819
f 807/851/807 803/847/803 827/867/827
f 818/858/818 820/865/820 828/869/828
f 819/862/819 816/859/816 823/870/823
f 812/852/812 814/856/814 829/871/829
f 814/856/814 815/854/815 829/871/829
f 821/861/821 811/857/811 825/868/825
f 816/859/816 824/864/824 823/870/823
f 822/863/822 812/852/812 829/871/829
f 826/866/826 819/862/819 830/872/830
f 827/867/827 803/847/803 831/580/831
f 815/854/815 977/873/977 829/871/829
f 821/861/821 825/868/825 832/567/832
f 819/862/819 823/870/823 830/872/830
f 818/858/818 828/869/828 833/874/833
f 820/865/820 822/863/822 834/875/834
f 834/875/834 822/863/822 838/570/838
f 825/868/825 826/866/826 830/872/830
f 803/847/803 817/860/817 831/580/831
f 170/182/170 821/861/821 832/567/832
f 832/567/832 825/868/825 837/568/837
f 824/864/824 827/867/827 836/876/836
f 817/860/817 818/858/818 833/874/833
f 828/869/828 820/865/820 834/875/834
f 823/870/823 824/864/824 836/876/836
f 170/182/170 832/567/832 172/185/172
f 825/868/825 830/872/830 835/583/835
f 817/860/817 833/874/833 831/580/831
f 822/863/822 829/871/829 840/571/840
f 165/169/165 172/185/172 832/567/832
f 836/876/836 827/867/827 839/579/839
f 834/875/834 838/570/838 828/869/828
f 838/570/838 822/863/822 840/571/840
f 825/868/825 835/583/835 837/568/837
f 827/867/827 831/580/831 839/579/839
f 835/583/835 830/872/830 841/589/841
f 830/872/830 823/870/823 842/576/842
f 823/870/823 836/876/836 842/576/842
f 833/874/833 828/869/828 532/575/532
f 828/869/828 838/570/838 533/582/533
f 829/871/829 977/873/977 843/592/843
f 840/571/840 829/871/829 541/572/541
f 830/872/830 842/576/842 841/589/841
f 831/580/831 833/874/833 531/574/531
f 842/576/842 836/876/836 530/577/530
f 836/876/836 839/579/839 530/577/530
f 829/871/829 843/592/843 541/572/541
f 165/169/165 832/567/832 529/569/529
f 828/869/828 533/582/533 532/575/532
f 833/874/833 532/575/532 531/574/531
f 503/542/503 474/520/474 504/553/504
f 466/514/466 453/503/453 844/877/844
f 406/432/406 398/435/398 413/441/413
f 506/550/506 504/553/504 522/566/522
f 845/878/845 474/520/474 466/514/466
f 444/483/444 414/482/414 846/879/846
f 392/421/392 384/411/384 398/435/398
f 845/878/845 466/514/466 844/877/844
f 453/503/453 444/483/444 846/879/846
f 384/411/384 368/406/368 689/737/689
f 474/520/474 845/878/845 504/553/504
f 846/879/846 414/482/414 852/880/852
f 522/566/522 847/881/847 528/202/528
f 504/553/504 845/878/845 849/882/849
f 844/877/844 453/503/453 848/883/848
f 853/884/853 453/503/453 846/879/846
f 414/442/414 413/441/413 852/885/852
f 384/411/384 689/737/689 851/886/851
f 413/441/413 398/435/398 850/887/850
f 528/202/528 847/881/847 192/205/192
f 852/885/852 413/441/413 850/887/850
f 398/435/398 384/411/384 851/886/851
f 522/566/522 504/553/504 847/881/847
f 848/883/848 453/503/453 853/884/853
f 192/205/192 847/881/847 203/239/203
f 847/881/847 504/553/504 849/882/849
f 847/881/847 849/882/849 854/888/854
f 857/889/857 398/435/398 851/886/851
f 861/890/861 851/886/851 689/737/689
f 849/882/849 845/878/845 859/891/859
f 845/878/845 844/877/844 855/892/855
f 845/878/845 855/892/855 859/891/859
f 844/877/844 848/883/848 858/893/858
f 852/885/852 856/894/856 846/895/846
f 854/888/854 849/882/849 859/891/859
f 844/877/844 858/893/858 855/892/855
f 689/737/689 675/729/675 860/896/860
f 853/884/853 846/879/846 848/883/848
f 850/887/850 398/435/398 862/897/862
f 862/897/862 398/435/398 857/889/857
f 848/883/848 846/879/846 863/898/863
f 861/890/861 689/737/689 860/896/860
f 857/889/857 851/886/851 861/890/861
f 846/899/846 856/894/856 863/900/863
f 856/894/856 852/885/852 864/901/864
f 852/885/852 850/887/850 864/901/864
f 850/887/850 862/897/862 874/902/874
f 860/896/860 675/729/675 866/717/866
f 854/888/854 859/891/859 865/903/865
f 848/883/848 863/898/863 858/893/858
f 850/887/850 874/902/874 864/901/864
f 847/881/847 854/888/854 868/904/868
f 859/891/859 869/905/869 865/903/865
f 859/891/859 855/892/855 869/905/869
f 857/889/857 861/890/861 867/906/867
f 867/906/867 861/890/861 860/896/860
f 203/239/203 847/881/847 223/246/223
f 847/881/847 868/904/868 223/246/223
f 862/897/862 857/889/857 874/902/874
f 854/888/854 865/903/865 875/907/875
f 856/894/856 864/901/864 870/908/870
f 854/888/854 875/907/875 868/904/868
f 855/892/855 879/909/879 869/905/869
f 855/892/855 858/893/858 879/909/879
f 870/908/870 864/901/864 871/910/871
f 874/902/874 857/889/857 867/906/867
f 863/900/863 856/894/856 870/908/870
f 860/896/860 872/911/872 867/906/867
f 872/911/872 860/896/860 866/717/866
f 858/893/858 863/898/863 873/912/873
f 873/912/873 863/898/863 876/913/876
f 863/900/863 870/908/870 876/914/876
f 872/911/872 866/717/866 652/718/652
f 223/246/223 868/904/868 875/907/875
f 879/909/879 858/893/858 873/912/873
f 864/901/864 877/915/877 871/910/871
f 864/901/864 874/902/874 877/915/877
f 870/908/870 871/910/871 882/916/882
f 873/912/873 880/917/880 879/909/879
f 874/902/874 867/906/867 872/911/872
f 223/246/223 875/907/875 878/918/878
f 875/907/875 865/903/865 881/919/881
f 874/902/874 884/920/884 877/915/877
f 872/911/872 652/718/652 885/921/885
f 884/920/884 874/902/874 872/911/872
f 865/903/865 869/905/869 881/919/881
f 876/914/876 870/908/870 883/922/883
f 871/910/871 877/915/877 884/920/884
f 873/912/873 876/913/876 883/923/883
f 223/246/223 878/918/878 227/247/227
f 870/908/870 882/916/882 883/922/883
f 871/910/871 884/920/884 887/924/887
f 884/920/884 872/911/872 885/921/885
f 885/921/885 652/718/652 886/695/886
f 886/695/886 652/718/652 654/703/654
f 227/247/227 878/918/878 240/267/240
f 879/909/879 880/917/880 889/925/889
f 881/919/881 869/905/869 895/926/895
f 880/917/880 873/912/873 889/925/889
f 882/916/882 871/910/871 887/924/887
f 884/920/884 885/921/885 890/927/890
f 883/922/883 882/916/882 891/928/891
f 875/907/875 881/919/881 892/929/892
f 889/925/889 873/912/873 893/930/893
f 882/916/882 887/924/887 891/928/891
f 869/905/869 879/909/879 895/926/895
f 893/930/893 873/912/873 883/923/883
f 885/921/885 886/695/886 888/931/888
f 878/918/878 875/907/875 896/932/896
f 895/926/895 879/909/879 889/925/889
f 887/924/887 884/920/884 902/933/902
f 890/927/890 885/921/885 888/931/888
f 902/933/902 884/920/884 890/927/890
f 875/907/875 892/929/892 896/932/896
f 878/918/878 896/932/896 240/267/240
f 250/270/250 240/267/240 896/932/896
f 889/925/889 897/934/897 895/926/895
f 889/925/889 893/930/893 897/934/897
f 883/922/883 891/928/891 898/935/898
f 888/931/888 886/695/886 894/936/894
f 893/937/893 883/922/883 898/935/898
f 892/929/892 881/919/881 899/938/899
f 881/919/881 895/926/895 899/938/899
f 891/928/891 908/939/908 898/935/898
f 891/928/891 887/924/887 902/933/902
f 890/927/890 888/931/888 904/940/904
f 892/929/892 899/938/899 906/941/906
f 899/938/899 895/926/895 900/942/900
f 891/928/891 902/933/902 901/943/901
f 890/927/890 904/940/904 902/933/902
f 900/942/900 895/926/895 897/934/897
f 897/934/897 893/930/893 903/944/903
f 250/270/250 896/932/896 265/291/265
f 896/932/896 892/929/892 905/945/905
f 894/936/894 886/695/886 629/666/629
f 259/278/259 250/270/250 265/291/265
f 892/929/892 906/941/906 905/945/905
f 908/939/908 891/928/891 901/943/901
f 896/932/896 905/945/905 909/946/909
f 899/938/899 900/942/900 910/947/910
f 893/937/893 898/935/898 907/948/907
f 904/940/904 888/931/888 911/949/911
f 888/931/888 894/936/894 911/949/911
f 903/950/903 893/937/893 907/948/907
f 908/939/908 901/943/901 915/951/915
f 902/933/902 904/940/904 911/949/911
f 906/941/906 899/938/899 910/947/910
f 901/943/901 902/933/902 922/952/922
f 897/934/897 903/944/903 900/942/900
f 898/935/898 908/939/908 913/953/913
f 911/949/911 894/936/894 912/954/912
f 894/936/894 629/666/629 606/660/606
f 914/955/914 896/932/896 909/946/909
f 905/945/905 906/941/906 910/947/910
f 265/291/265 896/932/896 914/955/914
f 908/939/908 915/951/915 913/953/913
f 902/933/902 911/949/911 922/952/922
f 912/954/912 894/936/894 606/660/606
f 910/947/910 900/942/900 916/956/916
f 900/942/900 903/944/903 921/957/921
f 898/935/898 917/958/917 907/948/907
f 898/935/898 913/953/913 917/958/917
f 901/943/901 922/952/922 915/951/915
f 903/944/903 907/959/907 921/957/921
f 911/949/911 912/954/912 919/960/919
f 905/945/905 910/947/910 926/961/926
f 900/942/900 921/957/921 916/956/916
f 922/952/922 911/949/911 919/960/919
f 273/292/273 265/291/265 920/962/920
f 265/291/265 914/955/914 920/962/920
f 914/955/914 909/946/909 918/963/918
f 916/956/916 921/957/921 923/964/923
f 919/960/919 912/954/912 925/647/925
f 912/954/912 606/660/606 925/647/925
f 926/961/926 910/947/910 932/965/932
f 273/292/273 920/962/920 299/312/299
f 918/963/918 909/946/909 905/945/905
f 913/953/913 915/951/915 924/966/924
f 915/951/915 922/952/922 924/966/924
f 925/647/925 606/660/606 601/654/601
f 914/955/914 918/963/918 928/967/928
f 905/945/905 926/961/926 918/963/918
f 932/965/932 910/947/910 916/956/916
f 913/953/913 924/966/924 930/968/930
f 917/958/917 913/953/913 930/968/930
f 922/952/922 919/960/919 934/969/934
f 916/956/916 929/970/929 932/965/932
f 921/971/921 907/948/907 931/972/931
f 907/948/907 917/958/917 931/972/931
f 931/972/931 917/958/917 930/968/930
f 920/962/920 914/955/914 928/967/928
f 919/960/919 927/973/927 934/969/934
f 918/963/918 926/961/926 928/967/928
f 916/956/916 923/964/923 929/970/929
f 935/974/935 923/964/923 921/957/921
f 921/971/921 931/972/931 933/975/933
f 919/960/919 925/647/925 927/973/927
f 926/961/926 932/965/932 936/976/936
f 937/977/937 930/968/930 924/966/924
f 922/952/922 934/969/934 924/966/924
f 927/973/927 925/647/925 938/978/938
f 928/967/928 926/961/926 936/976/936
f 933/975/933 931/972/931 930/968/930
f 923/964/923 935/974/935 941/979/941
f 935/980/935 921/971/921 933/975/933
f 920/962/920 928/967/928 939/981/939
f 299/312/299 920/962/920 939/981/939
f 929/970/929 923/964/923 941/979/941
f 299/312/299 939/981/939 294/315/294
f 932/965/932 944/982/944 936/976/936
f 929/970/929 941/979/941 932/965/932
f 930/968/930 942/983/942 933/975/933
f 925/647/925 584/635/584 938/978/938
f 935/980/935 933/975/933 945/984/945
f 934/969/934 927/973/927 943/985/943
f 940/986/940 928/967/928 936/976/936
f 932/965/932 941/979/941 947/987/947
f 935/980/935 945/984/945 941/988/941
f 930/968/930 937/977/937 942/983/942
f 939/981/939 928/967/928 940/986/940
f 946/989/946 933/975/933 942/983/942
f 938/978/938 584/635/584 949/990/949
f 932/965/932 947/987/947 944/982/944
f 924/966/924 934/969/934 943/985/943
f 927/973/927 938/978/938 943/985/943
f 294/315/294 939/981/939 317/335/317
f 941/988/941 945/984/945 951/991/951
f 945/984/945 933/975/933 948/992/948
f 948/992/948 933/975/933 946/989/946
f 937/977/937 954/993/954 942/983/942
f 943/985/943 938/978/938 949/990/949
f 950/994/950 947/987/947 941/979/941
f 951/991/951 945/984/945 960/995/960
f 937/977/937 924/966/924 954/993/954
f 584/635/584 566/617/566 949/990/949
f 940/986/940 936/976/936 952/996/952
f 936/976/936 944/982/944 947/987/947
f 943/985/943 949/990/949 955/997/955
f 952/996/952 936/976/936 947/987/947
f 945/984/945 948/992/948 961/998/961
f 941/979/941 951/999/951 950/994/950
f 924/966/924 956/1000/956 954/993/954
f 924/966/924 943/985/943 956/1000/956
f 957/1001/957 939/981/939 940/986/940
f 952/996/952 947/987/947 958/1002/958
f 957/1001/957 940/986/940 952/996/952
f 960/995/960 945/984/945 961/998/961
f 946/989/946 942/983/942 959/1003/959
f 942/983/942 954/993/954 959/1003/959
f 947/987/947 950/994/950 953/1004/953
f 950/994/950 951/999/951 960/1005/960
f 317/335/317 939/981/939 957/1001/957
f 948/992/948 946/989/946 961/998/961
f 949/990/949 963/1006/963 955/997/955
f 958/1002/958 947/987/947 953/1004/953
f 946/989/946 959/1003/959 961/998/961
f 943/985/943 955/997/955 956/1000/956
f 317/335/317 957/1001/957 965/342/965
f 957/1001/957 952/996/952 958/1002/958
f 959/1003/959 954/993/954 956/1000/956
f 949/990/949 566/617/566 963/1006/963
f 950/994/950 960/995/960 962/1007/962
f 959/1003/959 956/1000/956 964/1008/964
f 955/997/955 963/1006/963 956/1000/956
f 960/995/960 961/998/961 962/1007/962
f 956/1000/956 963/1006/963 968/1009/968
f 957/1001/957 958/1002/958 966/1010/966
f 961/998/961 959/1003/959 975/1011/975
f 965/342/965 957/1001/957 966/1010/966
f 950/994/950 962/1007/962 953/1004/953
f 962/1007/962 961/998/961 967/1012/967
f 959/1003/959 964/1008/964 969/1013/969
f 958/1002/958 953/1004/953 971/1014/971
f 566/617/566 970/608/970 963/1006/963
f 961/998/961 975/1011/975 967/1012/967
f 956/1000/956 968/1009/968 964/1008/964
f 958/1002/958 971/1014/971 974/1015/974
f 953/1004/953 962/1007/962 972/1016/972
f 963/1006/963 970/608/970 968/1009/968
f 966/1010/966 958/1002/958 974/1015/974
f 953/1004/953 972/1016/972 971/1014/971
f 959/1003/959 969/1013/969 975/1011/975
f 964/1008/964 968/1009/968 977/873/977
f 965/342/965 966/1010/966 976/370/976
f 976/370/976 966/1010/966 978/753/978
f 964/1008/964 973/1017/973 969/1013/969
f 967/1012/967 975/1011/975 979/1018/979
f 973/1017/973 964/1008/964 980/1019/980
f 964/1008/964 977/873/977 980/1019/980
f 966/1010/966 974/1015/974 978/753/978
f 968/1009/968 970/608/970 977/873/977
f 971/1014/971 972/1016/972 983/769/983
f 972/1016/972 962/1007/962 982/1020/982
f 962/1007/962 967/1012/967 982/1020/982
f 974/1015/974 971/1014/971 983/769/983
f 967/1012/967 979/1018/979 982/1020/982
f 975/1011/975 969/1013/969 984/853/984
f 969/1013/969 973/1017/973 984/853/984
f 981/1021/981 972/1016/972 982/1020/982
f 970/608/970 544/593/544 977/873/977
f 972/1016/972 985/774/985 983/769/983
f 973/1017/973 980/1019/980 984/853/984
f 974/1015/974 983/769/983 712/754/712
f 972/1016/972 981/1021/981 985/774/985
f 982/1020/982 979/1018/979 779/828/779
f 979/1018/979 975/1011/975 779/828/779
f 975/1011/975 984/853/984 800/837/800
f 980/1019/980 815/854/815 984/853/984
f 977/873/977 544/593/544 843/592/843
f 976/370/976 978/753/978 355/376/355
f 978/753/978 974/1015/974 712/754/712
f 975/1011/975 800/837/800 779/828/779
f 981/1021/981 982/1020/982 985/774/985
f 985/774/985 982/1020/982 751/790/751
f 982/1020/982 779/828/779 771/806/771
f 980/1019/980 977/873/977 815/854/815
f 751/790/751 982/1020/982 771/806/771
